Date,Link,Country,Device,Referrer
Sun May 24 2026 09:23:49 GMT+0000 (Coordinated Universal Time),poly.market/aadvark89,United States,Desktop,polymarket.com
Fri May 22 2026 21:22:01 GMT+0000 (Coordinated Universal Time),poly.market/aadvark89,United States,Desktop,polymarket.com
Mon May 11 2026 14:01:43 GMT+0000 (Coordinated Universal Time),poly.market/aadvark89,United States,Desktop,polymarket.com
Fri May 08 2026 16:13:54 GMT+0000 (Coordinated Universal Time),poly.market/aadvark89,Indonesia,Desktop,polymarket.com
Tue May 05 2026 17:18:42 GMT+0000 (Coordinated Universal Time),poly.market/aadvark89,United States,Desktop,polymarket.com
Sat May 02 2026 12:30:27 GMT+0000 (Coordinated Universal Time),poly.market/aadvark89,United States,Desktop,polymarket.com
Sat May 02 2026 08:38:07 GMT+0000 (Coordinated Universal Time),poly.market/aadvark89,China,Desktop,polymarket.com
Tue Apr 28 2026 18:26:12 GMT+0000 (Coordinated Universal Time),poly.market/aadvark89,United States,Desktop,polymarket.com
Mon Apr 27 2026 16:22:40 GMT+0000 (Coordinated Universal Time),poly.market/aadvark89,United States,Desktop,polymarket.com
Fri Apr 24 2026 18:48:18 GMT+0000 (Coordinated Universal Time),poly.market/aadvark89,China,Desktop,polymarket.com
Mon Apr 20 2026 12:03:39 GMT+0000 (Coordinated Universal Time),poly.market/aadvark89,United States,Desktop,polymarket.com
Wed Apr 15 2026 11:41:11 GMT+0000 (Coordinated Universal Time),poly.market/aadvark89,Switzerland,Desktop,polymarket.com
Tue Apr 14 2026 14:40:13 GMT+0000 (Coordinated Universal Time),poly.market/aadvark89,China,Desktop,polymarket.com
Mon Apr 13 2026 02:41:48 GMT+0000 (Coordinated Universal Time),poly.market/aadvark89,United States,Desktop,google.com
Sun Apr 12 2026 18:23:27 GMT+0000 (Coordinated Universal Time),poly.market/aadvark89,United States,Mobile,polymarket.com
Sun Apr 12 2026 11:54:53 GMT+0000 (Coordinated Universal Time),poly.market/aadvark89,United States,Desktop,polymarket.com
Sun Apr 12 2026 11:04:55 GMT+0000 (Coordinated Universal Time),poly.market/aadvark89,United States,Mobile,polymarket.com
Sun Apr 12 2026 08:20:03 GMT+0000 (Coordinated Universal Time),poly.market/aadvark89,United States,Mobile,polymarket.com
Sat Apr 11 2026 05:52:47 GMT+0000 (Coordinated Universal Time),poly.market/aadvark89,Indonesia,Desktop,polymarket.com
Fri Apr 10 2026 21:57:00 GMT+0000 (Coordinated Universal Time),poly.market/aadvark89,Indonesia,Desktop,polymarket.com
Fri Apr 10 2026 12:09:40 GMT+0000 (Coordinated Universal Time),poly.market/aadvark89,Indonesia,Desktop,polymarket.com
Wed Apr 08 2026 19:59:37 GMT+0000 (Coordinated Universal Time),poly.market/aadvark89,Indonesia,Desktop,polymarket.com
Sat Apr 04 2026 10:17:16 GMT+0000 (Coordinated Universal Time),poly.market/aadvark89,United States,Desktop,polymarket.com
Fri Apr 03 2026 16:08:16 GMT+0000 (Coordinated Universal Time),poly.market/aadvark89,United States,Desktop,polymarket.com
Tue Mar 31 2026 20:17:14 GMT+0000 (Coordinated Universal Time),poly.market/aadvark89,United States,Desktop,polymarket.com
Tue Mar 31 2026 12:53:01 GMT+0000 (Coordinated Universal Time),poly.market/aadvark89,United States,Desktop,polymarket.com
Mon Mar 30 2026 17:47:43 GMT+0000 (Coordinated Universal Time),poly.market/aadvark89,United States,Mobile,polymarket.com
Sun Mar 29 2026 05:42:30 GMT+0000 (Coordinated Universal Time),poly.market/aadvark89,Singapore,Desktop,polymarket.com
Tue Mar 24 2026 22:07:30 GMT+0000 (Coordinated Universal Time),poly.market/aadvark89,United States,Mobile,polymarket.com
Wed Mar 18 2026 12:38:24 GMT+0000 (Coordinated Universal Time),poly.market/aadvark89,Norway,Desktop,t.co
Tue Mar 17 2026 21:46:05 GMT+0000 (Coordinated Universal Time),poly.market/aadvark89,Indonesia,Desktop,polymarket.com
Sun Mar 15 2026 21:53:43 GMT+0000 (Coordinated Universal Time),poly.market/aadvark89,United States,Mobile,polymarket.com
Sun Mar 15 2026 21:24:20 GMT+0000 (Coordinated Universal Time),poly.market/aadvark89,United States,Mobile,polymarket.com
Mon Mar 09 2026 09:42:50 GMT+0000 (Coordinated Universal Time),poly.market/aadvark89,United States,Desktop,polymarket.com
Thu Mar 05 2026 22:03:42 GMT+0000 (Coordinated Universal Time),poly.market/aadvark89,United States,Mobile,polymarket.com
Mon Mar 02 2026 03:38:07 GMT+0000 (Coordinated Universal Time),poly.market/aadvark89,Indonesia,Mobile,t.co
Sun Mar 01 2026 14:39:54 GMT+0000 (Coordinated Universal Time),poly.market/aadvark89,United States,Desktop,polymarket.com
Sat Feb 28 2026 11:58:49 GMT+0000 (Coordinated Universal Time),poly.market/aadvark89,United States,Desktop,polymarket.com
Sat Feb 28 2026 01:08:14 GMT+0000 (Coordinated Universal Time),poly.market/aadvark89,Nigeria,Mobile,t.co
Fri Feb 27 2026 20:57:18 GMT+0000 (Coordinated Universal Time),poly.market/aadvark89,Mexico,Desktop,t.co
Fri Feb 27 2026 19:54:43 GMT+0000 (Coordinated Universal Time),poly.market/aadvark89,Serbia,Desktop,t.co
Fri Feb 27 2026 19:52:40 GMT+0000 (Coordinated Universal Time),poly.market/aadvark89,Luxembourg,Desktop,t.co
Fri Feb 27 2026 19:52:15 GMT+0000 (Coordinated Universal Time),poly.market/aadvark89,United States,Desktop,t.co
Fri Feb 27 2026 19:50:38 GMT+0000 (Coordinated Universal Time),poly.market/aadvark89,Austria,Mobile,t.co
Fri Feb 27 2026 19:49:49 GMT+0000 (Coordinated Universal Time),poly.market/aadvark89,Hong Kong,Mobile,t.co
Fri Feb 27 2026 19:49:39 GMT+0000 (Coordinated Universal Time),poly.market/aadvark89,Spain,Desktop,t.co
Fri Feb 27 2026 19:35:47 GMT+0000 (Coordinated Universal Time),poly.market/aadvark89,Malaysia,Desktop,t.co
Fri Feb 27 2026 19:32:43 GMT+0000 (Coordinated Universal Time),poly.market/aadvark89,Ireland,Mobile,t.co
Fri Feb 27 2026 19:27:48 GMT+0000 (Coordinated Universal Time),poly.market/aadvark89,Mexico,Desktop,t.co
Fri Feb 27 2026 19:26:04 GMT+0000 (Coordinated Universal Time),poly.market/aadvark89,Estonia,Desktop,t.co
Fri Feb 27 2026 19:24:46 GMT+0000 (Coordinated Universal Time),poly.market/aadvark89,France,Mobile,t.co
Fri Feb 27 2026 19:24:16 GMT+0000 (Coordinated Universal Time),poly.market/aadvark89,Thailand,Desktop,t.co
Fri Feb 27 2026 19:23:48 GMT+0000 (Coordinated Universal Time),poly.market/aadvark89,Singapore,Mobile,t.co
Fri Feb 27 2026 19:22:51 GMT+0000 (Coordinated Universal Time),poly.market/aadvark89,India,Desktop,t.co
Fri Feb 27 2026 19:22:42 GMT+0000 (Coordinated Universal Time),poly.market/aadvark89,India,Mobile,t.co
Fri Feb 27 2026 19:22:09 GMT+0000 (Coordinated Universal Time),poly.market/aadvark89,India,Mobile,t.co
Fri Feb 27 2026 19:16:14 GMT+0000 (Coordinated Universal Time),poly.market/aadvark89,Germany,Mobile,t.co
Fri Feb 27 2026 19:15:49 GMT+0000 (Coordinated Universal Time),poly.market/aadvark89,Switzerland,Mobile,t.co
Fri Feb 27 2026 19:15:17 GMT+0000 (Coordinated Universal Time),poly.market/aadvark89,Brazil,Mobile,t.co
Fri Feb 27 2026 19:14:28 GMT+0000 (Coordinated Universal Time),poly.market/aadvark89,United States,Mobile,t.co
Fri Feb 27 2026 19:13:08 GMT+0000 (Coordinated Universal Time),poly.market/aadvark89,India,Mobile,t.co
Fri Feb 27 2026 19:11:33 GMT+0000 (Coordinated Universal Time),poly.market/aadvark89,Algeria,Desktop,t.co
Fri Feb 27 2026 19:11:28 GMT+0000 (Coordinated Universal Time),poly.market/aadvark89,India,Mobile,t.co
Fri Feb 27 2026 19:08:15 GMT+0000 (Coordinated Universal Time),poly.market/aadvark89,Brazil,Mobile,t.co
Fri Feb 27 2026 19:04:42 GMT+0000 (Coordinated Universal Time),poly.market/aadvark89,Albania,Mobile,t.co
Fri Feb 27 2026 18:50:27 GMT+0000 (Coordinated Universal Time),poly.market/aadvark89,Mexico,Desktop,t.co
Fri Feb 27 2026 18:48:47 GMT+0000 (Coordinated Universal Time),poly.market/aadvark89,India,Mobile,t.co
Fri Feb 27 2026 01:43:10 GMT+0000 (Coordinated Universal Time),poly.market/aadvark89,Montenegro,Desktop,t.co
Thu Feb 26 2026 14:49:11 GMT+0000 (Coordinated Universal Time),poly.market/aadvark89,Switzerland,Desktop,polymarket.com
Wed Feb 25 2026 12:34:41 GMT+0000 (Coordinated Universal Time),poly.market/aadvark89,United States,Desktop,polymarket.com
Tue Feb 24 2026 16:18:12 GMT+0000 (Coordinated Universal Time),poly.market/aadvark89,United States,Desktop,polymarket.com
Tue Feb 24 2026 09:45:09 GMT+0000 (Coordinated Universal Time),poly.market/aadvark89,Spain,Desktop,t.co
Tue Feb 24 2026 06:00:32 GMT+0000 (Coordinated Universal Time),poly.market/aadvark89,India,Desktop,t.co
Mon Feb 23 2026 14:49:08 GMT+0000 (Coordinated Universal Time),poly.market/aadvark89,United States,Desktop,polymarket.com
Mon Feb 23 2026 05:26:16 GMT+0000 (Coordinated Universal Time),poly.market/aadvark89,Finland,Desktop,t.co
Sun Feb 22 2026 11:13:34 GMT+0000 (Coordinated Universal Time),poly.market/aadvark89,United States,Desktop,polymarket.com
Sat Feb 21 2026 20:46:54 GMT+0000 (Coordinated Universal Time),poly.market/aadvark89,Indonesia,Desktop,polymarket.com
Sat Feb 21 2026 15:52:13 GMT+0000 (Coordinated Universal Time),poly.market/aadvark89,Indonesia,Desktop,polymarket.com
Fri Feb 20 2026 19:21:57 GMT+0000 (Coordinated Universal Time),poly.market/aadvark89,Indonesia,Desktop,polymarket.com
Fri Feb 20 2026 10:00:28 GMT+0000 (Coordinated Universal Time),poly.market/aadvark89,United States,Mobile,t.co
Fri Feb 20 2026 07:59:42 GMT+0000 (Coordinated Universal Time),poly.market/aadvark89,Poland,Desktop,t.co
Thu Feb 19 2026 21:55:25 GMT+0000 (Coordinated Universal Time),poly.market/aadvark89,United Kingdom,Mobile,t.co
Thu Feb 19 2026 16:09:53 GMT+0000 (Coordinated Universal Time),poly.market/aadvark89,Indonesia,Desktop,t.co
Thu Feb 19 2026 14:11:42 GMT+0000 (Coordinated Universal Time),poly.market/aadvark89,Spain,Desktop,t.co
Thu Feb 19 2026 11:40:57 GMT+0000 (Coordinated Universal Time),poly.market/aadvark89,Japan,Desktop,t.co
Thu Feb 19 2026 10:19:33 GMT+0000 (Coordinated Universal Time),poly.market/aadvark89,France,Mobile,t.co
Thu Feb 19 2026 09:06:16 GMT+0000 (Coordinated Universal Time),poly.market/aadvark89,Nigeria,Desktop,t.co
Thu Feb 19 2026 08:12:26 GMT+0000 (Coordinated Universal Time),poly.market/aadvark89,Switzerland,Desktop,polymarket.com
Thu Feb 19 2026 07:01:14 GMT+0000 (Coordinated Universal Time),poly.market/aadvark89,Philippines,Desktop,t.co
Thu Feb 19 2026 07:00:24 GMT+0000 (Coordinated Universal Time),poly.market/aadvark89,India,Desktop,t.co
Thu Feb 19 2026 06:07:57 GMT+0000 (Coordinated Universal Time),poly.market/aadvark89,India,Mobile,t.co
Thu Feb 19 2026 05:38:49 GMT+0000 (Coordinated Universal Time),poly.market/aadvark89,Hong Kong,Mobile,t.co
Thu Feb 19 2026 05:35:31 GMT+0000 (Coordinated Universal Time),poly.market/aadvark89,Kazakhstan,Desktop,t.co
Thu Feb 19 2026 04:40:07 GMT+0000 (Coordinated Universal Time),poly.market/aadvark89,South Korea,Desktop,t.co
Thu Feb 19 2026 04:04:12 GMT+0000 (Coordinated Universal Time),poly.market/aadvark89,Lithuania,Desktop,t.co
Thu Feb 19 2026 03:46:15 GMT+0000 (Coordinated Universal Time),poly.market/aadvark89,Germany,Desktop,polymarket.com
Thu Feb 19 2026 03:43:57 GMT+0000 (Coordinated Universal Time),poly.market/aadvark89,Myanmar,Desktop,t.co
Thu Feb 19 2026 02:46:47 GMT+0000 (Coordinated Universal Time),poly.market/aadvark89,Japan,Desktop,t.co
Thu Feb 19 2026 01:41:04 GMT+0000 (Coordinated Universal Time),poly.market/aadvark89,Hong Kong,Desktop,t.co
Thu Feb 19 2026 00:46:03 GMT+0000 (Coordinated Universal Time),poly.market/aadvark89,Mexico,Desktop,t.co
Thu Feb 19 2026 00:27:56 GMT+0000 (Coordinated Universal Time),poly.market/aadvark89,Nigeria,Mobile,t.co
Thu Feb 19 2026 00:12:22 GMT+0000 (Coordinated Universal Time),poly.market/aadvark89,United States,Mobile,t.co
Wed Feb 18 2026 23:27:35 GMT+0000 (Coordinated Universal Time),poly.market/aadvark89,Singapore,Mobile,polymarket.com
Wed Feb 18 2026 23:23:49 GMT+0000 (Coordinated Universal Time),poly.market/aadvark89,United States,Desktop,t.co
Wed Feb 18 2026 21:24:17 GMT+0000 (Coordinated Universal Time),poly.market/aadvark89,Indonesia,Desktop,polymarket.com
Wed Feb 18 2026 21:04:17 GMT+0000 (Coordinated Universal Time),poly.market/aadvark89,India,Desktop,t.co
Wed Feb 18 2026 20:15:40 GMT+0000 (Coordinated Universal Time),poly.market/aadvark89,Maldives,Desktop,t.co
Wed Feb 18 2026 19:51:33 GMT+0000 (Coordinated Universal Time),poly.market/aadvark89,Egypt,Desktop,t.co
Wed Feb 18 2026 17:57:30 GMT+0000 (Coordinated Universal Time),poly.market/aadvark89,France,Mobile,t.co
Wed Feb 18 2026 17:55:06 GMT+0000 (Coordinated Universal Time),poly.market/aadvark89,India,Mobile,t.co
Wed Feb 18 2026 17:08:06 GMT+0000 (Coordinated Universal Time),poly.market/aadvark89,Bangladesh,Mobile,t.co
Wed Feb 18 2026 17:07:44 GMT+0000 (Coordinated Universal Time),poly.market/aadvark89,Lithuania,Desktop,t.co
Wed Feb 18 2026 17:05:07 GMT+0000 (Coordinated Universal Time),poly.market/aadvark89,Sweden,Mobile,t.co
Wed Feb 18 2026 16:50:39 GMT+0000 (Coordinated Universal Time),poly.market/aadvark89,India,Mobile,t.co
Wed Feb 18 2026 16:35:49 GMT+0000 (Coordinated Universal Time),poly.market/aadvark89,India,Mobile,t.co
Wed Feb 18 2026 16:20:19 GMT+0000 (Coordinated Universal Time),poly.market/aadvark89,Greece,Desktop,t.co
Wed Feb 18 2026 16:16:48 GMT+0000 (Coordinated Universal Time),poly.market/aadvark89,Vietnam,Desktop,t.co
Wed Feb 18 2026 16:11:54 GMT+0000 (Coordinated Universal Time),poly.market/aadvark89,Germany,Desktop,t.co
Wed Feb 18 2026 16:11:29 GMT+0000 (Coordinated Universal Time),poly.market/aadvark89,Norway,Desktop,t.co
Wed Feb 18 2026 15:46:11 GMT+0000 (Coordinated Universal Time),poly.market/aadvark89,Mexico,Desktop,t.co
Wed Feb 18 2026 15:44:27 GMT+0000 (Coordinated Universal Time),poly.market/aadvark89,Sweden,Desktop,t.co
Wed Feb 18 2026 15:39:37 GMT+0000 (Coordinated Universal Time),poly.market/aadvark89,Taiwan,Desktop,t.co
Wed Feb 18 2026 15:36:37 GMT+0000 (Coordinated Universal Time),poly.market/aadvark89,United States,Desktop,t.co
Wed Feb 18 2026 15:34:16 GMT+0000 (Coordinated Universal Time),poly.market/aadvark89,Taiwan,Desktop,t.co
Wed Feb 18 2026 15:28:26 GMT+0000 (Coordinated Universal Time),poly.market/aadvark89,Ukraine,Desktop,t.co
Wed Feb 18 2026 15:14:55 GMT+0000 (Coordinated Universal Time),poly.market/aadvark89,Iceland,Mobile,t.co
Wed Feb 18 2026 15:06:23 GMT+0000 (Coordinated Universal Time),poly.market/aadvark89,Spain,Desktop,t.co
Wed Feb 18 2026 14:49:50 GMT+0000 (Coordinated Universal Time),poly.market/aadvark89,Indonesia,Mobile,t.co
Wed Feb 18 2026 14:43:12 GMT+0000 (Coordinated Universal Time),poly.market/aadvark89,Indonesia,Desktop,t.co
Wed Feb 18 2026 14:38:02 GMT+0000 (Coordinated Universal Time),poly.market/aadvark89,United States,Desktop,t.co
Wed Feb 18 2026 14:31:11 GMT+0000 (Coordinated Universal Time),poly.market/aadvark89,India,Mobile,t.co
Wed Feb 18 2026 14:30:09 GMT+0000 (Coordinated Universal Time),poly.market/aadvark89,Argentina,Mobile,t.co
Wed Feb 18 2026 14:23:45 GMT+0000 (Coordinated Universal Time),poly.market/aadvark89,India,Mobile,t.co
Wed Feb 18 2026 14:23:08 GMT+0000 (Coordinated Universal Time),poly.market/aadvark89,Switzerland,Desktop,t.co
Wed Feb 18 2026 14:11:41 GMT+0000 (Coordinated Universal Time),poly.market/aadvark89,Switzerland,Desktop,t.co
Wed Feb 18 2026 13:59:11 GMT+0000 (Coordinated Universal Time),poly.market/aadvark89,Nigeria,Mobile,t.co
Wed Feb 18 2026 13:48:01 GMT+0000 (Coordinated Universal Time),poly.market/aadvark89,Croatia,Desktop,t.co
Wed Feb 18 2026 13:43:50 GMT+0000 (Coordinated Universal Time),poly.market/aadvark89,Nigeria,Mobile,t.co
Wed Feb 18 2026 13:43:46 GMT+0000 (Coordinated Universal Time),poly.market/aadvark89,Nigeria,Mobile,polymarket.com
Wed Feb 18 2026 13:37:40 GMT+0000 (Coordinated Universal Time),poly.market/aadvark89,Nigeria,Desktop,t.co
Wed Feb 18 2026 13:32:27 GMT+0000 (Coordinated Universal Time),poly.market/aadvark89,France,Desktop,t.co
Wed Feb 18 2026 13:31:06 GMT+0000 (Coordinated Universal Time),poly.market/aadvark89,India,Desktop,t.co
Wed Feb 18 2026 12:42:30 GMT+0000 (Coordinated Universal Time),poly.market/aadvark89,Poland,Desktop,t.co
Wed Feb 18 2026 08:19:29 GMT+0000 (Coordinated Universal Time),poly.market/aadvark89,Netherlands,Desktop,t.co
Wed Feb 18 2026 05:22:25 GMT+0000 (Coordinated Universal Time),poly.market/aadvark89,India,Mobile,t.co
Tue Feb 17 2026 08:35:43 GMT+0000 (Coordinated Universal Time),poly.market/aadvark89,United States,Desktop,polymarket.com
Mon Feb 16 2026 20:49:13 GMT+0000 (Coordinated Universal Time),poly.market/aadvark89,Nigeria,Mobile,t.co
Mon Feb 16 2026 12:41:03 GMT+0000 (Coordinated Universal Time),poly.market/aadvark89,Montenegro,Desktop,t.co
Sun Feb 15 2026 17:10:22 GMT+0000 (Coordinated Universal Time),poly.market/aadvark89,Indonesia,Desktop,polymarket.com
Sat Feb 14 2026 19:13:25 GMT+0000 (Coordinated Universal Time),poly.market/aadvark89,Indonesia,Desktop,polymarket.com
Sat Feb 14 2026 17:05:03 GMT+0000 (Coordinated Universal Time),poly.market/aadvark89,Indonesia,Desktop,polymarket.com
Sat Feb 14 2026 11:57:00 GMT+0000 (Coordinated Universal Time),poly.market/aadvark89,Indonesia,Desktop,polymarket.com
Fri Feb 13 2026 22:56:02 GMT+0000 (Coordinated Universal Time),poly.market/aadvark89,Hong Kong,Mobile,t.co
Fri Feb 13 2026 13:03:24 GMT+0000 (Coordinated Universal Time),poly.market/aadvark89,Indonesia,Desktop,polymarket.com
Fri Feb 13 2026 13:00:52 GMT+0000 (Coordinated Universal Time),poly.market/aadvark89,Germany,Mobile,t.co
Fri Feb 13 2026 12:47:43 GMT+0000 (Coordinated Universal Time),poly.market/aadvark89,Indonesia,Mobile,polymarket.com
Thu Feb 12 2026 14:35:23 GMT+0000 (Coordinated Universal Time),poly.market/aadvark89,Ukraine,Desktop,t.co
Thu Feb 12 2026 11:48:48 GMT+0000 (Coordinated Universal Time),poly.market/aadvark89,Australia,Mobile,t.co
Thu Feb 12 2026 11:10:57 GMT+0000 (Coordinated Universal Time),poly.market/aadvark89,Mexico,Mobile,t.co
Thu Feb 12 2026 05:09:36 GMT+0000 (Coordinated Universal Time),poly.market/aadvark89,Uzbekistan,Desktop,t.co
Thu Feb 12 2026 03:04:11 GMT+0000 (Coordinated Universal Time),poly.market/aadvark89,South Korea,Mobile,t.co
Thu Feb 12 2026 00:21:45 GMT+0000 (Coordinated Universal Time),poly.market/aadvark89,Mozambique,Desktop,t.co
Thu Feb 12 2026 00:11:57 GMT+0000 (Coordinated Universal Time),poly.market/aadvark89,Indonesia,Desktop,t.co
Wed Feb 11 2026 21:40:18 GMT+0000 (Coordinated Universal Time),poly.market/aadvark89,Serbia,Desktop,t.co
Wed Feb 11 2026 20:49:10 GMT+0000 (Coordinated Universal Time),poly.market/aadvark89,Luxembourg,Desktop,t.co
Wed Feb 11 2026 20:15:24 GMT+0000 (Coordinated Universal Time),poly.market/aadvark89,Bangladesh,Mobile,t.co
Wed Feb 11 2026 18:59:59 GMT+0000 (Coordinated Universal Time),poly.market/aadvark89,United Kingdom,Mobile,t.co
Wed Feb 11 2026 18:50:21 GMT+0000 (Coordinated Universal Time),poly.market/aadvark89,United States,Desktop,t.co
Wed Feb 11 2026 18:28:35 GMT+0000 (Coordinated Universal Time),poly.market/aadvark89,Thailand,Mobile,t.co
Wed Feb 11 2026 18:11:35 GMT+0000 (Coordinated Universal Time),poly.market/aadvark89,Canada,Mobile,t.co
Wed Feb 11 2026 16:17:50 GMT+0000 (Coordinated Universal Time),poly.market/aadvark89,Pakistan,Mobile,t.co
Wed Feb 11 2026 16:11:42 GMT+0000 (Coordinated Universal Time),poly.market/aadvark89,India,Mobile,t.co
Wed Feb 11 2026 16:11:11 GMT+0000 (Coordinated Universal Time),poly.market/aadvark89,Nigeria,Mobile,t.co
Wed Feb 11 2026 15:43:47 GMT+0000 (Coordinated Universal Time),poly.market/aadvark89,India,Mobile,t.co
Wed Feb 11 2026 15:42:42 GMT+0000 (Coordinated Universal Time),poly.market/aadvark89,Turkey,Desktop,t.co
Wed Feb 11 2026 15:02:54 GMT+0000 (Coordinated Universal Time),poly.market/aadvark89,Germany,Desktop,t.co
Wed Feb 11 2026 15:01:36 GMT+0000 (Coordinated Universal Time),poly.market/aadvark89,Vietnam,Mobile,t.co
Wed Feb 11 2026 14:58:24 GMT+0000 (Coordinated Universal Time),poly.market/aadvark89,India,Mobile,t.co
Wed Feb 11 2026 14:25:20 GMT+0000 (Coordinated Universal Time),poly.market/aadvark89,Nigeria,Mobile,t.co
Wed Feb 11 2026 14:12:49 GMT+0000 (Coordinated Universal Time),poly.market/aadvark89,Japan,Desktop,t.co
Wed Feb 11 2026 13:40:26 GMT+0000 (Coordinated Universal Time),poly.market/aadvark89,India,Desktop,t.co
Wed Feb 11 2026 13:28:07 GMT+0000 (Coordinated Universal Time),poly.market/aadvark89,Switzerland,Mobile,t.co
Wed Feb 11 2026 12:46:09 GMT+0000 (Coordinated Universal Time),poly.market/aadvark89,Netherlands,Desktop,t.co
Wed Feb 11 2026 11:38:17 GMT+0000 (Coordinated Universal Time),poly.market/aadvark89,Portugal,Desktop,t.co
Wed Feb 11 2026 11:37:59 GMT+0000 (Coordinated Universal Time),poly.market/aadvark89,Portugal,Desktop,t.co
Tue Feb 10 2026 10:07:48 GMT+0000 (Coordinated Universal Time),poly.market/aadvark89,Indonesia,Mobile,polymarket.com
Mon Feb 09 2026 05:56:07 GMT+0000 (Coordinated Universal Time),poly.market/aadvark89,India,Mobile,t.co
Sun Feb 08 2026 20:32:44 GMT+0000 (Coordinated Universal Time),poly.market/aadvark89,United States,Desktop,t.co
Sat Feb 07 2026 12:20:34 GMT+0000 (Coordinated Universal Time),poly.market/aadvark89,Morocco,Desktop,t.co
Mon Feb 02 2026 22:35:00 GMT+0000 (Coordinated Universal Time),poly.market/aadvark89,Vietnam,Desktop,t.co
Mon Feb 02 2026 22:00:48 GMT+0000 (Coordinated Universal Time),poly.market/aadvark89,Nigeria,Mobile,t.co
Mon Feb 02 2026 10:41:59 GMT+0000 (Coordinated Universal Time),poly.market/aadvark89,Cyprus,Desktop,t.co
Sun Feb 01 2026 07:46:57 GMT+0000 (Coordinated Universal Time),poly.market/aadvark89,Hong Kong,Mobile,t.co
Sat Jan 31 2026 18:02:24 GMT+0000 (Coordinated Universal Time),poly.market/aadvark89,Indonesia,Mobile,polymarket.com
Thu Jan 29 2026 09:51:52 GMT+0000 (Coordinated Universal Time),poly.market/aadvark89,United States,Desktop,t.co
Tue Jan 27 2026 16:14:43 GMT+0000 (Coordinated Universal Time),poly.market/aadvark89,India,Desktop,t.co
Mon Jan 26 2026 10:08:56 GMT+0000 (Coordinated Universal Time),poly.market/aadvark89,Indonesia,Mobile,polymarket.com
Wed Jan 21 2026 17:41:39 GMT+0000 (Coordinated Universal Time),poly.market/aadvark89,Netherlands,Desktop,t.co
Wed Jan 21 2026 02:57:27 GMT+0000 (Coordinated Universal Time),poly.market/aadvark89,Cayman Islands,Mobile,t.co
Tue Jan 20 2026 21:54:46 GMT+0000 (Coordinated Universal Time),poly.market/aadvark89,United States,Desktop,t.co
Tue Jan 20 2026 19:02:22 GMT+0000 (Coordinated Universal Time),poly.market/aadvark89,United States,Mobile,t.co
Mon Jan 19 2026 20:39:56 GMT+0000 (Coordinated Universal Time),poly.market/aadvark89,Austria,Desktop,t.co
Mon Jan 19 2026 15:27:09 GMT+0000 (Coordinated Universal Time),poly.market/aadvark89,Taiwan,Desktop,polymarket.com
Sun Jan 18 2026 20:16:05 GMT+0000 (Coordinated Universal Time),poly.market/aadvark89,United States,Mobile,t.co
Sun Jan 18 2026 10:16:25 GMT+0000 (Coordinated Universal Time),poly.market/aadvark89,Indonesia,Mobile,polymarket.com
Sat Jan 17 2026 19:20:32 GMT+0000 (Coordinated Universal Time),poly.market/aadvark89,Bangladesh,Mobile,t.co
Sat Jan 17 2026 18:02:07 GMT+0000 (Coordinated Universal Time),poly.market/aadvark89,Bulgaria,Desktop,t.co
Fri Jan 16 2026 22:17:23 GMT+0000 (Coordinated Universal Time),poly.market/aadvark89,United States,Desktop,polymarket.com
Fri Jan 16 2026 00:22:16 GMT+0000 (Coordinated Universal Time),poly.market/aadvark89,Hong Kong,Mobile,t.co
Wed Jan 14 2026 21:28:47 GMT+0000 (Coordinated Universal Time),poly.market/aadvark89,United States,Desktop,polymarket.com
Wed Jan 14 2026 11:54:11 GMT+0000 (Coordinated Universal Time),poly.market/aadvark89,United States,Desktop,polymarket.com
Mon Jan 12 2026 17:38:14 GMT+0000 (Coordinated Universal Time),poly.market/aadvark89,United States,Desktop,polymarket.com
Mon Jan 12 2026 14:47:00 GMT+0000 (Coordinated Universal Time),poly.market/aadvark89,Netherlands,Desktop,t.co
Sun Jan 11 2026 22:59:41 GMT+0000 (Coordinated Universal Time),poly.market/aadvark89,United States,Desktop,polymarket.com
Sun Jan 11 2026 22:34:06 GMT+0000 (Coordinated Universal Time),poly.market/aadvark89,United States,Mobile,polymarket.com
Sun Jan 11 2026 07:51:25 GMT+0000 (Coordinated Universal Time),poly.market/aadvark89,Mexico,Desktop,t.co
Fri Jan 09 2026 23:29:59 GMT+0000 (Coordinated Universal Time),poly.market/aadvark89,India,Mobile,t.co
Fri Jan 09 2026 20:31:56 GMT+0000 (Coordinated Universal Time),poly.market/aadvark89,France,Desktop,t.co
Fri Jan 09 2026 17:13:43 GMT+0000 (Coordinated Universal Time),poly.market/aadvark89,Turkey,Mobile,t.co
Fri Jan 09 2026 16:26:29 GMT+0000 (Coordinated Universal Time),poly.market/aadvark89,United States,Desktop,polymarket.com
Fri Jan 09 2026 10:33:46 GMT+0000 (Coordinated Universal Time),poly.market/aadvark89,Hong Kong,Mobile,t.co
Thu Jan 08 2026 08:39:22 GMT+0000 (Coordinated Universal Time),poly.market/aadvark89,Croatia,Desktop,t.co
Wed Jan 07 2026 16:28:53 GMT+0000 (Coordinated Universal Time),poly.market/aadvark89,Indonesia,Mobile,t.co
Wed Jan 07 2026 15:25:20 GMT+0000 (Coordinated Universal Time),poly.market/aadvark89,India,Mobile,t.co
Wed Jan 07 2026 15:17:35 GMT+0000 (Coordinated Universal Time),poly.market/aadvark89,Indonesia,Desktop,t.co
Wed Jan 07 2026 15:16:19 GMT+0000 (Coordinated Universal Time),poly.market/aadvark89,India,Desktop,t.co
Wed Jan 07 2026 15:12:54 GMT+0000 (Coordinated Universal Time),poly.market/aadvark89,United Kingdom,Mobile,t.co
Wed Jan 07 2026 14:38:02 GMT+0000 (Coordinated Universal Time),poly.market/aadvark89,India,Desktop,t.co
Wed Jan 07 2026 14:33:57 GMT+0000 (Coordinated Universal Time),poly.market/aadvark89,Turkey,Mobile,t.co
Wed Jan 07 2026 14:27:34 GMT+0000 (Coordinated Universal Time),poly.market/aadvark89,Hong Kong,Desktop,t.co
Wed Jan 07 2026 14:05:15 GMT+0000 (Coordinated Universal Time),poly.market/aadvark89,Indonesia,Desktop,t.co
Wed Jan 07 2026 13:57:26 GMT+0000 (Coordinated Universal Time),poly.market/aadvark89,India,Mobile,t.co
Wed Jan 07 2026 13:45:09 GMT+0000 (Coordinated Universal Time),poly.market/aadvark89,Bangladesh,Mobile,t.co
Wed Jan 07 2026 09:26:20 GMT+0000 (Coordinated Universal Time),poly.market/aadvark89,Taiwan,Desktop,polymarket.com
Wed Jan 07 2026 07:34:31 GMT+0000 (Coordinated Universal Time),poly.market/aadvark89,India,Desktop,t.co
Tue Jan 06 2026 21:03:47 GMT+0000 (Coordinated Universal Time),poly.market/aadvark89,Argentina,Desktop,t.co
Tue Jan 06 2026 20:10:30 GMT+0000 (Coordinated Universal Time),poly.market/aadvark89,Australia,Desktop,polymarket.com
Tue Jan 06 2026 19:57:28 GMT+0000 (Coordinated Universal Time),poly.market/aadvark89,Switzerland,Desktop,t.co
Tue Jan 06 2026 19:13:11 GMT+0000 (Coordinated Universal Time),poly.market/aadvark89,Spain,Desktop,t.co
Tue Jan 06 2026 19:05:42 GMT+0000 (Coordinated Universal Time),poly.market/aadvark89,Indonesia,Desktop,t.co
Tue Jan 06 2026 19:05:18 GMT+0000 (Coordinated Universal Time),poly.market/aadvark89,India,Desktop,t.co
Tue Jan 06 2026 19:04:27 GMT+0000 (Coordinated Universal Time),poly.market/aadvark89,India,Mobile,t.co
Tue Jan 06 2026 19:01:37 GMT+0000 (Coordinated Universal Time),poly.market/aadvark89,India,Mobile,t.co
Tue Jan 06 2026 18:24:42 GMT+0000 (Coordinated Universal Time),poly.market/aadvark89,Netherlands,Mobile,t.co
Tue Jan 06 2026 18:02:08 GMT+0000 (Coordinated Universal Time),poly.market/aadvark89,Vietnam,Mobile,t.co
Tue Jan 06 2026 17:54:11 GMT+0000 (Coordinated Universal Time),poly.market/aadvark89,India,Mobile,t.co
Tue Jan 06 2026 17:26:35 GMT+0000 (Coordinated Universal Time),poly.market/aadvark89,India,Mobile,t.co
Tue Jan 06 2026 17:26:31 GMT+0000 (Coordinated Universal Time),poly.market/aadvark89,India,Mobile,t.co
Tue Jan 06 2026 17:26:22 GMT+0000 (Coordinated Universal Time),poly.market/aadvark89,India,Mobile,t.co
Tue Jan 06 2026 17:26:12 GMT+0000 (Coordinated Universal Time),poly.market/aadvark89,India,Mobile,t.co
Tue Jan 06 2026 17:26:05 GMT+0000 (Coordinated Universal Time),poly.market/aadvark89,India,Mobile,t.co
Tue Jan 06 2026 16:18:25 GMT+0000 (Coordinated Universal Time),poly.market/aadvark89,Portugal,Desktop,t.co
Tue Jan 06 2026 16:10:36 GMT+0000 (Coordinated Universal Time),poly.market/aadvark89,India,Mobile,t.co
Tue Jan 06 2026 15:49:57 GMT+0000 (Coordinated Universal Time),poly.market/aadvark89,India,Mobile,t.co
Tue Jan 06 2026 15:38:09 GMT+0000 (Coordinated Universal Time),poly.market/aadvark89,Nigeria,Mobile,t.co
Tue Jan 06 2026 15:34:57 GMT+0000 (Coordinated Universal Time),poly.market/aadvark89,United States,Mobile,t.co
Tue Jan 06 2026 15:34:52 GMT+0000 (Coordinated Universal Time),poly.market/aadvark89,Spain,Desktop,t.co
Tue Jan 06 2026 15:34:41 GMT+0000 (Coordinated Universal Time),poly.market/aadvark89,United States,Mobile,t.co
Sun Jan 04 2026 12:30:03 GMT+0000 (Coordinated Universal Time),poly.market/aadvark89,Sweden,Desktop,t.co
Sat Jan 03 2026 18:17:01 GMT+0000 (Coordinated Universal Time),poly.market/aadvark89,United States,Desktop,polymarket.com
Sat Jan 03 2026 13:12:17 GMT+0000 (Coordinated Universal Time),poly.market/aadvark89,United States,Desktop,polymarket.com
Thu Jan 01 2026 12:16:30 GMT+0000 (Coordinated Universal Time),poly.market/aadvark89,Norway,Desktop,t.co
Wed Dec 31 2025 13:26:14 GMT+0000 (Coordinated Universal Time),poly.market/aadvark89,United States,Desktop,t.co
Wed Dec 31 2025 10:49:03 GMT+0000 (Coordinated Universal Time),poly.market/aadvark89,Peru,Desktop,t.co
Tue Dec 30 2025 16:51:21 GMT+0000 (Coordinated Universal Time),poly.market/aadvark89,India,Desktop,t.co
Tue Dec 30 2025 13:45:28 GMT+0000 (Coordinated Universal Time),poly.market/aadvark89,South Korea,Desktop,t.co
Sat Dec 27 2025 13:23:53 GMT+0000 (Coordinated Universal Time),poly.market/aadvark89,Finland,Desktop,t.co
Sun Dec 21 2025 18:39:19 GMT+0000 (Coordinated Universal Time),poly.market/aadvark89,Pakistan,Desktop,t.co
Sat Dec 20 2025 22:08:09 GMT+0000 (Coordinated Universal Time),poly.market/aadvark89,Indonesia,Mobile,t.co
Fri Dec 19 2025 21:40:14 GMT+0000 (Coordinated Universal Time),poly.market/aadvark89,India,Mobile,t.co
Thu Dec 18 2025 09:52:02 GMT+0000 (Coordinated Universal Time),poly.market/aadvark89,Romania,Desktop,t.co
Thu Dec 18 2025 09:52:02 GMT+0000 (Coordinated Universal Time),poly.market/aadvark89,Romania,Desktop,t.co
Thu Dec 18 2025 02:44:13 GMT+0000 (Coordinated Universal Time),poly.market/aadvark89,Turkey,Desktop,polymarket.com
Tue Dec 16 2025 20:41:52 GMT+0000 (Coordinated Universal Time),poly.market/aadvark89,United States,Desktop,t.co
Tue Dec 16 2025 15:14:32 GMT+0000 (Coordinated Universal Time),poly.market/aadvark89,Thailand,Mobile,t.co
Tue Dec 16 2025 15:01:00 GMT+0000 (Coordinated Universal Time),poly.market/aadvark89,Indonesia,Desktop,t.co
Tue Dec 16 2025 08:59:28 GMT+0000 (Coordinated Universal Time),poly.market/aadvark89,Netherlands,Mobile,t.co
Tue Dec 16 2025 08:40:45 GMT+0000 (Coordinated Universal Time),poly.market/aadvark89,Mexico,Mobile,t.co
Tue Dec 16 2025 06:49:04 GMT+0000 (Coordinated Universal Time),poly.market/aadvark89,India,Desktop,t.co
Tue Dec 16 2025 06:41:49 GMT+0000 (Coordinated Universal Time),poly.market/aadvark89,Malaysia,Desktop,t.co
Tue Dec 16 2025 05:05:01 GMT+0000 (Coordinated Universal Time),poly.market/aadvark89,Indonesia,Desktop,t.co
Mon Dec 15 2025 23:10:17 GMT+0000 (Coordinated Universal Time),poly.market/aadvark89,Australia,Mobile,t.co
Mon Dec 15 2025 22:21:34 GMT+0000 (Coordinated Universal Time),poly.market/aadvark89,Germany,Desktop,t.co
Mon Dec 15 2025 21:17:55 GMT+0000 (Coordinated Universal Time),poly.market/aadvark89,United States,Mobile,t.co
Mon Dec 15 2025 20:20:47 GMT+0000 (Coordinated Universal Time),poly.market/aadvark89,Canada,Desktop,t.co
Mon Dec 15 2025 19:41:01 GMT+0000 (Coordinated Universal Time),poly.market/aadvark89,Ukraine,Desktop,t.co
Mon Dec 15 2025 19:39:12 GMT+0000 (Coordinated Universal Time),poly.market/aadvark89,India,Desktop,t.co
Mon Dec 15 2025 19:33:04 GMT+0000 (Coordinated Universal Time),poly.market/aadvark89,United States,Mobile,t.co
Mon Dec 15 2025 19:27:01 GMT+0000 (Coordinated Universal Time),poly.market/aadvark89,United States,Mobile,t.co
Mon Dec 15 2025 18:50:00 GMT+0000 (Coordinated Universal Time),poly.market/aadvark89,United States,Mobile,t.co
Mon Dec 15 2025 18:38:38 GMT+0000 (Coordinated Universal Time),poly.market/aadvark89,United States,Desktop,polymarket.com
Mon Dec 15 2025 18:03:42 GMT+0000 (Coordinated Universal Time),poly.market/aadvark89,Brazil,Mobile,t.co
Mon Dec 15 2025 17:55:23 GMT+0000 (Coordinated Universal Time),poly.market/aadvark89,Canada,Mobile,t.co
Mon Dec 15 2025 17:49:57 GMT+0000 (Coordinated Universal Time),poly.market/aadvark89,United States,Mobile,t.co
Mon Dec 15 2025 17:39:52 GMT+0000 (Coordinated Universal Time),poly.market/aadvark89,Ireland,Mobile,t.co
Mon Dec 15 2025 17:36:18 GMT+0000 (Coordinated Universal Time),poly.market/aadvark89,United Kingdom,Mobile,t.co
Mon Dec 15 2025 17:35:07 GMT+0000 (Coordinated Universal Time),poly.market/aadvark89,Portugal,Desktop,t.co
Mon Dec 15 2025 17:22:03 GMT+0000 (Coordinated Universal Time),poly.market/aadvark89,Vietnam,Mobile,t.co
Mon Dec 15 2025 17:21:06 GMT+0000 (Coordinated Universal Time),poly.market/aadvark89,Philippines,Mobile,(direct)
Mon Dec 15 2025 16:48:03 GMT+0000 (Coordinated Universal Time),poly.market/aadvark89,Singapore,Desktop,(direct)
Mon Dec 15 2025 16:11:32 GMT+0000 (Coordinated Universal Time),poly.market/aadvark89,Indonesia,Mobile,t.co
Mon Dec 15 2025 16:03:31 GMT+0000 (Coordinated Universal Time),poly.market/aadvark89,United States,Mobile,t.co
Mon Dec 15 2025 15:57:57 GMT+0000 (Coordinated Universal Time),poly.market/aadvark89,United States,Mobile,t.co
Mon Dec 15 2025 15:41:37 GMT+0000 (Coordinated Universal Time),poly.market/aadvark89,India,Mobile,t.co
Mon Dec 15 2025 15:29:13 GMT+0000 (Coordinated Universal Time),poly.market/aadvark89,Germany,Desktop,t.co
Mon Dec 15 2025 15:28:50 GMT+0000 (Coordinated Universal Time),poly.market/aadvark89,Germany,Desktop,t.co
Mon Dec 15 2025 14:53:51 GMT+0000 (Coordinated Universal Time),poly.market/aadvark89,Kenya,Desktop,t.co
Mon Dec 15 2025 14:51:29 GMT+0000 (Coordinated Universal Time),poly.market/aadvark89,Ireland,Mobile,t.co
Mon Dec 15 2025 14:24:23 GMT+0000 (Coordinated Universal Time),poly.market/aadvark89,Vietnam,Mobile,t.co
Mon Dec 15 2025 14:13:24 GMT+0000 (Coordinated Universal Time),poly.market/aadvark89,India,Mobile,t.co
Mon Dec 15 2025 14:11:24 GMT+0000 (Coordinated Universal Time),poly.market/aadvark89,Cyprus,Mobile,t.co
Mon Dec 15 2025 13:53:20 GMT+0000 (Coordinated Universal Time),poly.market/aadvark89,Italy,Mobile,t.co
Mon Dec 15 2025 13:50:17 GMT+0000 (Coordinated Universal Time),poly.market/aadvark89,Indonesia,Desktop,t.co
Mon Dec 15 2025 13:12:25 GMT+0000 (Coordinated Universal Time),poly.market/aadvark89,Taiwan,Mobile,t.co
Mon Dec 15 2025 13:05:44 GMT+0000 (Coordinated Universal Time),poly.market/aadvark89,Spain,Mobile,t.co
Mon Dec 15 2025 12:58:54 GMT+0000 (Coordinated Universal Time),poly.market/aadvark89,Qatar,Mobile,t.co
Mon Dec 15 2025 12:48:25 GMT+0000 (Coordinated Universal Time),poly.market/aadvark89,United Kingdom,Mobile,t.co
Mon Dec 15 2025 12:48:02 GMT+0000 (Coordinated Universal Time),poly.market/aadvark89,United Kingdom,Mobile,t.co
Mon Dec 15 2025 12:39:16 GMT+0000 (Coordinated Universal Time),poly.market/aadvark89,Netherlands,Mobile,t.co
Mon Dec 15 2025 12:27:29 GMT+0000 (Coordinated Universal Time),poly.market/aadvark89,Netherlands,Mobile,t.co
Mon Dec 15 2025 12:19:00 GMT+0000 (Coordinated Universal Time),poly.market/aadvark89,India,Desktop,t.co
Mon Dec 15 2025 12:07:35 GMT+0000 (Coordinated Universal Time),poly.market/aadvark89,Netherlands,Mobile,t.co
Mon Dec 15 2025 12:06:25 GMT+0000 (Coordinated Universal Time),poly.market/aadvark89,Canada,Mobile,t.co
Mon Dec 15 2025 12:06:18 GMT+0000 (Coordinated Universal Time),poly.market/aadvark89,Pakistan,Desktop,t.co
Mon Dec 15 2025 12:03:41 GMT+0000 (Coordinated Universal Time),poly.market/aadvark89,Brazil,Mobile,t.co
Mon Dec 15 2025 12:02:18 GMT+0000 (Coordinated Universal Time),poly.market/aadvark89,Albania,Mobile,t.co
Mon Dec 15 2025 11:48:04 GMT+0000 (Coordinated Universal Time),poly.market/aadvark89,Greece,Desktop,t.co
Mon Dec 15 2025 11:41:38 GMT+0000 (Coordinated Universal Time),poly.market/aadvark89,France,Mobile,t.co
Mon Dec 15 2025 11:41:15 GMT+0000 (Coordinated Universal Time),poly.market/aadvark89,Netherlands,Desktop,t.co
Mon Dec 15 2025 11:32:11 GMT+0000 (Coordinated Universal Time),poly.market/aadvark89,Netherlands,Mobile,t.co
Mon Dec 15 2025 11:10:27 GMT+0000 (Coordinated Universal Time),poly.market/aadvark89,India,Mobile,t.co
Mon Dec 15 2025 11:02:47 GMT+0000 (Coordinated Universal Time),poly.market/aadvark89,Malaysia,Mobile,t.co
Mon Dec 15 2025 10:50:08 GMT+0000 (Coordinated Universal Time),poly.market/aadvark89,Serbia,Desktop,t.co
Mon Dec 15 2025 10:49:31 GMT+0000 (Coordinated Universal Time),poly.market/aadvark89,Ukraine,Mobile,t.co
Mon Dec 15 2025 10:41:17 GMT+0000 (Coordinated Universal Time),poly.market/aadvark89,France,Desktop,t.co
Mon Dec 15 2025 10:29:33 GMT+0000 (Coordinated Universal Time),poly.market/aadvark89,United Kingdom,Mobile,t.co
Mon Dec 15 2025 10:24:21 GMT+0000 (Coordinated Universal Time),poly.market/aadvark89,India,Mobile,t.co
Mon Dec 15 2025 10:19:52 GMT+0000 (Coordinated Universal Time),poly.market/aadvark89,Mexico,Mobile,t.co
Mon Dec 15 2025 10:17:47 GMT+0000 (Coordinated Universal Time),poly.market/aadvark89,Algeria,Desktop,t.co
Mon Dec 15 2025 10:14:30 GMT+0000 (Coordinated Universal Time),poly.market/aadvark89,Sweden,Mobile,t.co
Mon Dec 15 2025 10:04:41 GMT+0000 (Coordinated Universal Time),poly.market/aadvark89,Germany,Mobile,t.co
Mon Dec 15 2025 09:42:57 GMT+0000 (Coordinated Universal Time),poly.market/aadvark89,Germany,Mobile,t.co
Mon Dec 15 2025 09:31:48 GMT+0000 (Coordinated Universal Time),poly.market/aadvark89,Slovakia,Desktop,t.co
Mon Dec 15 2025 09:19:50 GMT+0000 (Coordinated Universal Time),poly.market/aadvark89,Germany,Mobile,t.co
Mon Dec 15 2025 09:15:36 GMT+0000 (Coordinated Universal Time),poly.market/aadvark89,India,Desktop,t.co
Mon Dec 15 2025 09:13:40 GMT+0000 (Coordinated Universal Time),poly.market/aadvark89,Ukraine,Mobile,t.co
Mon Dec 15 2025 09:04:37 GMT+0000 (Coordinated Universal Time),poly.market/aadvark89,Italy,Mobile,(direct)
Mon Dec 15 2025 08:58:20 GMT+0000 (Coordinated Universal Time),poly.market/aadvark89,Austria,Mobile,t.co
Mon Dec 15 2025 08:56:10 GMT+0000 (Coordinated Universal Time),poly.market/aadvark89,Austria,Desktop,t.co
Mon Dec 15 2025 08:52:24 GMT+0000 (Coordinated Universal Time),poly.market/aadvark89,Japan,Desktop,t.co
Mon Dec 15 2025 08:50:29 GMT+0000 (Coordinated Universal Time),poly.market/aadvark89,Nepal,Mobile,t.co
Mon Dec 15 2025 08:48:56 GMT+0000 (Coordinated Universal Time),poly.market/aadvark89,Nigeria,Mobile,t.co
Mon Dec 15 2025 08:46:02 GMT+0000 (Coordinated Universal Time),poly.market/aadvark89,Bangladesh,Mobile,t.co
Mon Dec 15 2025 08:42:15 GMT+0000 (Coordinated Universal Time),poly.market/aadvark89,Japan,Mobile,t.co
Mon Dec 15 2025 08:40:51 GMT+0000 (Coordinated Universal Time),poly.market/aadvark89,Philippines,Mobile,t.co
Mon Dec 15 2025 08:36:56 GMT+0000 (Coordinated Universal Time),poly.market/aadvark89,Kenya,Mobile,t.co
Mon Dec 15 2025 08:35:59 GMT+0000 (Coordinated Universal Time),poly.market/aadvark89,India,Mobile,t.co
Mon Dec 15 2025 08:29:21 GMT+0000 (Coordinated Universal Time),poly.market/aadvark89,Slovakia,Mobile,t.co
Mon Dec 15 2025 08:23:18 GMT+0000 (Coordinated Universal Time),poly.market/aadvark89,Singapore,Desktop,(direct)
Mon Dec 15 2025 08:03:44 GMT+0000 (Coordinated Universal Time),poly.market/aadvark89,Turkey,Desktop,t.co
Mon Dec 15 2025 07:44:14 GMT+0000 (Coordinated Universal Time),poly.market/aadvark89,Indonesia,Desktop,t.co
Mon Dec 15 2025 07:33:09 GMT+0000 (Coordinated Universal Time),poly.market/aadvark89,Turkey,Mobile,t.co
Mon Dec 15 2025 07:24:04 GMT+0000 (Coordinated Universal Time),poly.market/aadvark89,Algeria,Desktop,t.co
Mon Dec 15 2025 07:23:23 GMT+0000 (Coordinated Universal Time),poly.market/aadvark89,France,Mobile,t.co
Mon Dec 15 2025 07:20:01 GMT+0000 (Coordinated Universal Time),poly.market/aadvark89,France,Mobile,t.co
Mon Dec 15 2025 07:17:19 GMT+0000 (Coordinated Universal Time),poly.market/aadvark89,Indonesia,Mobile,t.co
Mon Dec 15 2025 07:06:34 GMT+0000 (Coordinated Universal Time),poly.market/aadvark89,Egypt,Desktop,t.co
Mon Dec 15 2025 07:05:38 GMT+0000 (Coordinated Universal Time),poly.market/aadvark89,Taiwan,Mobile,t.co
Mon Dec 15 2025 07:05:06 GMT+0000 (Coordinated Universal Time),poly.market/aadvark89,Netherlands,Desktop,t.co
Mon Dec 15 2025 07:03:37 GMT+0000 (Coordinated Universal Time),poly.market/aadvark89,Thailand,Mobile,t.co
Mon Dec 15 2025 07:03:13 GMT+0000 (Coordinated Universal Time),poly.market/aadvark89,Thailand,Mobile,t.co
Mon Dec 15 2025 06:52:39 GMT+0000 (Coordinated Universal Time),poly.market/aadvark89,Thailand,Mobile,t.co
Mon Dec 15 2025 06:49:53 GMT+0000 (Coordinated Universal Time),poly.market/aadvark89,Canada,Mobile,t.co
Mon Dec 15 2025 06:39:53 GMT+0000 (Coordinated Universal Time),poly.market/aadvark89,Hong Kong,Mobile,t.co
Mon Dec 15 2025 06:33:25 GMT+0000 (Coordinated Universal Time),poly.market/aadvark89,Turkey,Desktop,t.co
Mon Dec 15 2025 06:23:36 GMT+0000 (Coordinated Universal Time),poly.market/aadvark89,Philippines,Mobile,t.co
Sun Dec 14 2025 03:52:47 GMT+0000 (Coordinated Universal Time),poly.market/aadvark89,India,Mobile,t.co
Sat Dec 13 2025 13:59:25 GMT+0000 (Coordinated Universal Time),poly.market/aadvark89,Singapore,Mobile,t.co
Wed Dec 10 2025 11:40:46 GMT+0000 (Coordinated Universal Time),poly.market/aadvark89,Turkey,Desktop,t.co
Tue Dec 09 2025 12:44:47 GMT+0000 (Coordinated Universal Time),poly.market/aadvark89,Turkey,Mobile,t.co
Tue Dec 09 2025 11:45:19 GMT+0000 (Coordinated Universal Time),poly.market/aadvark89,Nigeria,Mobile,t.co
Tue Dec 09 2025 10:31:24 GMT+0000 (Coordinated Universal Time),poly.market/aadvark89,United Kingdom,Desktop,t.co
Tue Dec 09 2025 09:23:02 GMT+0000 (Coordinated Universal Time),poly.market/aadvark89,Nigeria,Mobile,t.co
Tue Dec 09 2025 08:49:26 GMT+0000 (Coordinated Universal Time),poly.market/aadvark89,Nigeria,Mobile,t.co
Tue Dec 09 2025 08:44:14 GMT+0000 (Coordinated Universal Time),poly.market/aadvark89,Nigeria,Mobile,t.co
Thu Dec 04 2025 23:28:06 GMT+0000 (Coordinated Universal Time),poly.market/aadvark89,United States,Mobile,polymarket.com
Thu Dec 04 2025 23:19:18 GMT+0000 (Coordinated Universal Time),poly.market/aadvark89,Philippines,Mobile,t.co
Thu Dec 04 2025 21:38:46 GMT+0000 (Coordinated Universal Time),poly.market/aadvark89,France,Desktop,t.co
Thu Dec 04 2025 17:45:38 GMT+0000 (Coordinated Universal Time),poly.market/aadvark89,Germany,Desktop,t.co
Thu Dec 04 2025 17:12:40 GMT+0000 (Coordinated Universal Time),poly.market/aadvark89,Canada,Mobile,t.co
Thu Dec 04 2025 17:09:50 GMT+0000 (Coordinated Universal Time),poly.market/aadvark89,United States,Mobile,polymarket.com
Thu Dec 04 2025 15:56:05 GMT+0000 (Coordinated Universal Time),poly.market/aadvark89,United States,Mobile,polymarket.com
Thu Dec 04 2025 15:54:41 GMT+0000 (Coordinated Universal Time),poly.market/aadvark89,Slovenia,Desktop,t.co
Thu Dec 04 2025 15:02:14 GMT+0000 (Coordinated Universal Time),poly.market/aadvark89,United States,Mobile,polymarket.com
Thu Dec 04 2025 15:00:33 GMT+0000 (Coordinated Universal Time),poly.market/aadvark89,United States,Desktop,t.co
Thu Dec 04 2025 14:21:20 GMT+0000 (Coordinated Universal Time),poly.market/aadvark89,Czech Republic,Mobile,t.co
Thu Dec 04 2025 14:16:40 GMT+0000 (Coordinated Universal Time),poly.market/aadvark89,India,Desktop,t.co
Thu Dec 04 2025 14:04:42 GMT+0000 (Coordinated Universal Time),poly.market/aadvark89,United States,Mobile,t.co
Thu Dec 04 2025 13:31:52 GMT+0000 (Coordinated Universal Time),poly.market/aadvark89,Canada,Mobile,t.co
Thu Dec 04 2025 13:18:32 GMT+0000 (Coordinated Universal Time),poly.market/aadvark89,Peru,Desktop,polymarket.com
Thu Dec 04 2025 13:08:51 GMT+0000 (Coordinated Universal Time),poly.market/aadvark89,Poland,Desktop,t.co
Thu Dec 04 2025 13:03:54 GMT+0000 (Coordinated Universal Time),poly.market/aadvark89,United States,Mobile,t.co
Thu Dec 04 2025 13:01:22 GMT+0000 (Coordinated Universal Time),poly.market/aadvark89,Canada,Mobile,t.co
Wed Dec 03 2025 15:55:30 GMT+0000 (Coordinated Universal Time),poly.market/aadvark89,Ukraine,Desktop,t.co
Wed Dec 03 2025 15:48:55 GMT+0000 (Coordinated Universal Time),poly.market/aadvark89,Ukraine,Desktop,t.co
Mon Dec 01 2025 08:02:53 GMT+0000 (Coordinated Universal Time),poly.market/aadvark89,Thailand,Desktop,(direct)
Mon Dec 01 2025 01:56:46 GMT+0000 (Coordinated Universal Time),poly.market/aadvark89,India,Mobile,t.co
Sun Nov 30 2025 21:38:55 GMT+0000 (Coordinated Universal Time),poly.market/aadvark89,Australia,Desktop,(direct)
Sun Nov 30 2025 19:57:02 GMT+0000 (Coordinated Universal Time),poly.market/aadvark89,Spain,Desktop,t.co
Sun Nov 30 2025 19:50:09 GMT+0000 (Coordinated Universal Time),poly.market/aadvark89,Canada,Desktop,(direct)
Sun Nov 30 2025 18:59:31 GMT+0000 (Coordinated Universal Time),poly.market/aadvark89,United Kingdom,Desktop,t.co
Sun Nov 30 2025 18:40:16 GMT+0000 (Coordinated Universal Time),poly.market/aadvark89,Canada,Desktop,(direct)
Sun Nov 30 2025 15:09:09 GMT+0000 (Coordinated Universal Time),poly.market/aadvark89,Bulgaria,Desktop,(direct)
Sun Nov 30 2025 11:18:11 GMT+0000 (Coordinated Universal Time),poly.market/aadvark89,Germany,Desktop,(direct)
Sun Nov 30 2025 10:59:49 GMT+0000 (Coordinated Universal Time),poly.market/aadvark89,Germany,Desktop,(direct)
Sun Nov 30 2025 10:57:27 GMT+0000 (Coordinated Universal Time),poly.market/aadvark89,Germany,Desktop,(direct)
Sun Nov 30 2025 10:57:26 GMT+0000 (Coordinated Universal Time),poly.market/aadvark89,Germany,Desktop,(direct)
Sun Nov 30 2025 10:55:08 GMT+0000 (Coordinated Universal Time),poly.market/aadvark89,France,Mobile,t.co
Sun Nov 30 2025 10:30:13 GMT+0000 (Coordinated Universal Time),poly.market/aadvark89,Latvia,Desktop,t.co
Sun Nov 30 2025 10:29:16 GMT+0000 (Coordinated Universal Time),poly.market/aadvark89,Germany,Desktop,(direct)
Sun Nov 30 2025 10:28:48 GMT+0000 (Coordinated Universal Time),poly.market/aadvark89,Netherlands,Desktop,(direct)
Sun Nov 30 2025 10:26:55 GMT+0000 (Coordinated Universal Time),poly.market/aadvark89,Germany,Desktop,(direct)
Sun Nov 30 2025 10:26:44 GMT+0000 (Coordinated Universal Time),poly.market/aadvark89,Germany,Desktop,(direct)
Sun Nov 30 2025 10:23:06 GMT+0000 (Coordinated Universal Time),poly.market/aadvark89,Germany,Desktop,(direct)
Sun Nov 30 2025 10:21:30 GMT+0000 (Coordinated Universal Time),poly.market/aadvark89,Germany,Desktop,(direct)
Sun Nov 30 2025 10:21:28 GMT+0000 (Coordinated Universal Time),poly.market/aadvark89,Germany,Desktop,(direct)
Sun Nov 30 2025 10:16:26 GMT+0000 (Coordinated Universal Time),poly.market/aadvark89,Netherlands,Desktop,(direct)
Sun Nov 30 2025 10:13:56 GMT+0000 (Coordinated Universal Time),poly.market/aadvark89,Germany,Desktop,(direct)
Sun Nov 30 2025 10:11:19 GMT+0000 (Coordinated Universal Time),poly.market/aadvark89,Germany,Desktop,(direct)
Sun Nov 30 2025 10:10:27 GMT+0000 (Coordinated Universal Time),poly.market/aadvark89,Germany,Desktop,(direct)
Sun Nov 30 2025 10:07:05 GMT+0000 (Coordinated Universal Time),poly.market/aadvark89,Germany,Desktop,(direct)
Sun Nov 30 2025 10:05:59 GMT+0000 (Coordinated Universal Time),poly.market/aadvark89,United States,Desktop,(direct)
Sun Nov 30 2025 10:04:24 GMT+0000 (Coordinated Universal Time),poly.market/aadvark89,Germany,Desktop,(direct)
Sun Nov 30 2025 10:02:20 GMT+0000 (Coordinated Universal Time),poly.market/aadvark89,Germany,Desktop,(direct)
Sun Nov 30 2025 09:56:42 GMT+0000 (Coordinated Universal Time),poly.market/aadvark89,Germany,Desktop,(direct)
Sun Nov 30 2025 09:46:35 GMT+0000 (Coordinated Universal Time),poly.market/aadvark89,Germany,Desktop,(direct)
Sun Nov 30 2025 09:42:59 GMT+0000 (Coordinated Universal Time),poly.market/aadvark89,Germany,Desktop,(direct)
Sun Nov 30 2025 09:25:01 GMT+0000 (Coordinated Universal Time),poly.market/aadvark89,Germany,Desktop,(direct)
Sun Nov 30 2025 09:22:43 GMT+0000 (Coordinated Universal Time),poly.market/aadvark89,Indonesia,Desktop,(direct)
Sun Nov 30 2025 09:22:28 GMT+0000 (Coordinated Universal Time),poly.market/aadvark89,Germany,Desktop,(direct)
Sun Nov 30 2025 09:21:28 GMT+0000 (Coordinated Universal Time),poly.market/aadvark89,Germany,Desktop,(direct)
Sun Nov 30 2025 09:16:47 GMT+0000 (Coordinated Universal Time),poly.market/aadvark89,Thailand,Desktop,(direct)
Sun Nov 30 2025 09:07:49 GMT+0000 (Coordinated Universal Time),poly.market/aadvark89,Germany,Desktop,(direct)
Sun Nov 30 2025 09:06:12 GMT+0000 (Coordinated Universal Time),poly.market/aadvark89,Germany,Desktop,(direct)
Sun Nov 30 2025 08:42:31 GMT+0000 (Coordinated Universal Time),poly.market/aadvark89,Germany,Desktop,(direct)
Sun Nov 30 2025 08:41:21 GMT+0000 (Coordinated Universal Time),poly.market/aadvark89,Germany,Desktop,(direct)
Sun Nov 30 2025 08:40:49 GMT+0000 (Coordinated Universal Time),poly.market/aadvark89,Germany,Desktop,(direct)
Sun Nov 30 2025 08:38:23 GMT+0000 (Coordinated Universal Time),poly.market/aadvark89,Germany,Desktop,(direct)
Sun Nov 30 2025 08:36:26 GMT+0000 (Coordinated Universal Time),poly.market/aadvark89,Germany,Desktop,(direct)
Sun Nov 30 2025 07:45:38 GMT+0000 (Coordinated Universal Time),poly.market/aadvark89,Thailand,Desktop,t.co
Sun Nov 30 2025 03:49:17 GMT+0000 (Coordinated Universal Time),poly.market/aadvark89,Singapore,Mobile,t.co
Sun Nov 30 2025 02:34:31 GMT+0000 (Coordinated Universal Time),poly.market/aadvark89,Australia,Desktop,(direct)
Sun Nov 30 2025 01:06:24 GMT+0000 (Coordinated Universal Time),poly.market/aadvark89,Canada,Mobile,t.co
Sat Nov 29 2025 23:08:25 GMT+0000 (Coordinated Universal Time),poly.market/aadvark89,United States,Desktop,(direct)
Sat Nov 29 2025 21:14:34 GMT+0000 (Coordinated Universal Time),poly.market/aadvark89,United States,Desktop,t.co
Sat Nov 29 2025 20:51:45 GMT+0000 (Coordinated Universal Time),poly.market/aadvark89,Spain,Desktop,t.co
Sat Nov 29 2025 20:49:14 GMT+0000 (Coordinated Universal Time),poly.market/aadvark89,Canada,Desktop,t.co
Sat Nov 29 2025 20:45:51 GMT+0000 (Coordinated Universal Time),poly.market/aadvark89,Austria,Desktop,t.co
Sat Nov 29 2025 20:37:11 GMT+0000 (Coordinated Universal Time),poly.market/aadvark89,United States,Desktop,t.co
Sat Nov 29 2025 20:35:14 GMT+0000 (Coordinated Universal Time),poly.market/aadvark89,United Kingdom,Mobile,t.co
Sat Nov 29 2025 20:24:04 GMT+0000 (Coordinated Universal Time),poly.market/aadvark89,India,Desktop,t.co
Sat Nov 29 2025 12:28:57 GMT+0000 (Coordinated Universal Time),poly.market/aadvark89,Sweden,Mobile,t.co
Fri Nov 28 2025 09:24:28 GMT+0000 (Coordinated Universal Time),poly.market/aadvark89,United Arab Emirates,Desktop,t.co
Thu Nov 27 2025 20:34:33 GMT+0000 (Coordinated Universal Time),poly.market/aadvark89,Canada,Mobile,t.co
Thu Nov 27 2025 11:47:16 GMT+0000 (Coordinated Universal Time),poly.market/aadvark89,India,Desktop,t.co
Thu Nov 27 2025 02:17:22 GMT+0000 (Coordinated Universal Time),poly.market/aadvark89,Taiwan,Desktop,t.co
Wed Nov 26 2025 23:23:59 GMT+0000 (Coordinated Universal Time),poly.market/aadvark89,Taiwan,Mobile,(direct)
Wed Nov 26 2025 15:49:23 GMT+0000 (Coordinated Universal Time),poly.market/aadvark89,Indonesia,Mobile,t.co
Wed Nov 26 2025 10:58:59 GMT+0000 (Coordinated Universal Time),poly.market/aadvark89,South Korea,Mobile,t.co
Wed Nov 26 2025 09:42:06 GMT+0000 (Coordinated Universal Time),poly.market/aadvark89,Turkey,Desktop,t.co
Wed Nov 26 2025 01:34:11 GMT+0000 (Coordinated Universal Time),poly.market/aadvark89,Japan,Desktop,t.co
Tue Nov 25 2025 23:44:59 GMT+0000 (Coordinated Universal Time),poly.market/aadvark89,Czech Republic,Desktop,(direct)
Tue Nov 25 2025 23:41:26 GMT+0000 (Coordinated Universal Time),poly.market/aadvark89,India,Mobile,(direct)
Tue Nov 25 2025 21:27:38 GMT+0000 (Coordinated Universal Time),poly.market/aadvark89,United States,Desktop,t.co
Tue Nov 25 2025 18:13:33 GMT+0000 (Coordinated Universal Time),poly.market/aadvark89,Japan,Mobile,(direct)
Tue Nov 25 2025 18:06:14 GMT+0000 (Coordinated Universal Time),poly.market/aadvark89,Sri Lanka,Mobile,t.co
Tue Nov 25 2025 17:58:01 GMT+0000 (Coordinated Universal Time),poly.market/aadvark89,Thailand,Mobile,t.co
Tue Nov 25 2025 17:54:05 GMT+0000 (Coordinated Universal Time),poly.market/aadvark89,Bulgaria,Desktop,(direct)
Tue Nov 25 2025 16:49:59 GMT+0000 (Coordinated Universal Time),poly.market/aadvark89,United Kingdom,Mobile,t.co
Tue Nov 25 2025 16:43:20 GMT+0000 (Coordinated Universal Time),poly.market/aadvark89,Greece,Desktop,(direct)
Tue Nov 25 2025 15:15:26 GMT+0000 (Coordinated Universal Time),poly.market/aadvark89,Turkey,Mobile,t.co
Tue Nov 25 2025 15:12:18 GMT+0000 (Coordinated Universal Time),poly.market/aadvark89,India,Desktop,t.co
Tue Nov 25 2025 15:11:24 GMT+0000 (Coordinated Universal Time),poly.market/aadvark89,United States,Mobile,t.co
Tue Nov 25 2025 15:03:20 GMT+0000 (Coordinated Universal Time),poly.market/aadvark89,United Kingdom,Desktop,t.co
Tue Nov 25 2025 14:58:35 GMT+0000 (Coordinated Universal Time),poly.market/aadvark89,Japan,Mobile,(direct)
Tue Nov 25 2025 14:54:27 GMT+0000 (Coordinated Universal Time),poly.market/aadvark89,Bulgaria,Desktop,t.co
Tue Nov 25 2025 14:52:40 GMT+0000 (Coordinated Universal Time),poly.market/aadvark89,Japan,Mobile,(direct)
Tue Nov 25 2025 14:46:59 GMT+0000 (Coordinated Universal Time),poly.market/aadvark89,Albania,Desktop,t.co
Tue Nov 25 2025 14:45:33 GMT+0000 (Coordinated Universal Time),poly.market/aadvark89,Indonesia,Desktop,t.co
Tue Nov 25 2025 14:45:31 GMT+0000 (Coordinated Universal Time),poly.market/aadvark89,Vietnam,Desktop,t.co
Tue Nov 25 2025 14:44:53 GMT+0000 (Coordinated Universal Time),poly.market/aadvark89,Netherlands,Desktop,t.co
Tue Nov 25 2025 14:43:40 GMT+0000 (Coordinated Universal Time),poly.market/aadvark89,Hong Kong,Desktop,t.co
Tue Nov 25 2025 14:43:40 GMT+0000 (Coordinated Universal Time),poly.market/aadvark89,Hong Kong,Desktop,t.co
Tue Nov 25 2025 14:42:43 GMT+0000 (Coordinated Universal Time),poly.market/aadvark89,United States,Mobile,t.co
Tue Nov 25 2025 14:42:05 GMT+0000 (Coordinated Universal Time),poly.market/aadvark89,India,Mobile,t.co
Tue Nov 25 2025 14:42:05 GMT+0000 (Coordinated Universal Time),poly.market/aadvark89,India,Mobile,t.co
Tue Nov 25 2025 14:41:52 GMT+0000 (Coordinated Universal Time),poly.market/aadvark89,France,Desktop,t.co
Tue Nov 25 2025 14:41:11 GMT+0000 (Coordinated Universal Time),poly.market/aadvark89,Portugal,Desktop,t.co
Tue Nov 25 2025 14:41:01 GMT+0000 (Coordinated Universal Time),poly.market/aadvark89,Thailand,Mobile,(direct)
Tue Nov 25 2025 14:38:25 GMT+0000 (Coordinated Universal Time),poly.market/aadvark89,Indonesia,Desktop,t.co
Tue Nov 25 2025 14:36:50 GMT+0000 (Coordinated Universal Time),poly.market/aadvark89,Japan,Mobile,(direct)
Tue Nov 25 2025 14:36:32 GMT+0000 (Coordinated Universal Time),poly.market/aadvark89,Nepal,Desktop,t.co
Tue Nov 25 2025 14:36:08 GMT+0000 (Coordinated Universal Time),poly.market/aadvark89,Ireland,Desktop,t.co
Tue Nov 25 2025 14:35:01 GMT+0000 (Coordinated Universal Time),poly.market/aadvark89,Malaysia,Desktop,(direct)
Tue Nov 25 2025 14:34:06 GMT+0000 (Coordinated Universal Time),poly.market/aadvark89,Switzerland,Desktop,t.co
Tue Nov 25 2025 14:30:46 GMT+0000 (Coordinated Universal Time),poly.market/aadvark89,Taiwan,Mobile,(direct)
Tue Nov 25 2025 14:27:04 GMT+0000 (Coordinated Universal Time),poly.market/aadvark89,Indonesia,Desktop,t.co
Tue Nov 25 2025 14:27:04 GMT+0000 (Coordinated Universal Time),poly.market/aadvark89,Indonesia,Desktop,t.co
Tue Nov 25 2025 14:24:31 GMT+0000 (Coordinated Universal Time),poly.market/aadvark89,Hong Kong,Desktop,(direct)
Tue Nov 25 2025 14:23:11 GMT+0000 (Coordinated Universal Time),poly.market/aadvark89,Taiwan,Mobile,(direct)
Tue Nov 25 2025 14:22:37 GMT+0000 (Coordinated Universal Time),poly.market/aadvark89,Taiwan,Mobile,(direct)
Tue Nov 25 2025 14:21:56 GMT+0000 (Coordinated Universal Time),poly.market/aadvark89,Taiwan,Mobile,(direct)
Tue Nov 25 2025 14:20:43 GMT+0000 (Coordinated Universal Time),poly.market/aadvark89,South Korea,Desktop,(direct)
Tue Nov 25 2025 14:17:55 GMT+0000 (Coordinated Universal Time),poly.market/aadvark89,Malaysia,Desktop,(direct)
Tue Nov 25 2025 14:15:59 GMT+0000 (Coordinated Universal Time),poly.market/aadvark89,India,Desktop,t.co
Tue Nov 25 2025 14:14:41 GMT+0000 (Coordinated Universal Time),poly.market/aadvark89,Poland,Desktop,(direct)
Tue Nov 25 2025 14:14:03 GMT+0000 (Coordinated Universal Time),poly.market/aadvark89,Taiwan,Desktop,(direct)
Tue Nov 25 2025 14:13:01 GMT+0000 (Coordinated Universal Time),poly.market/aadvark89,Taiwan,Mobile,(direct)
Tue Nov 25 2025 14:12:29 GMT+0000 (Coordinated Universal Time),poly.market/aadvark89,Taiwan,Mobile,(direct)
Tue Nov 25 2025 14:11:00 GMT+0000 (Coordinated Universal Time),poly.market/aadvark89,South Korea,Desktop,(direct)
Tue Nov 25 2025 14:10:15 GMT+0000 (Coordinated Universal Time),poly.market/aadvark89,Netherlands,Desktop,(direct)
Tue Nov 25 2025 14:09:42 GMT+0000 (Coordinated Universal Time),poly.market/aadvark89,Malaysia,Desktop,(direct)
Tue Nov 25 2025 14:09:13 GMT+0000 (Coordinated Universal Time),poly.market/aadvark89,Taiwan,Mobile,(direct)
Tue Nov 25 2025 14:08:46 GMT+0000 (Coordinated Universal Time),poly.market/aadvark89,Netherlands,Mobile,(direct)
Tue Nov 25 2025 13:58:51 GMT+0000 (Coordinated Universal Time),poly.market/aadvark89,United States,Desktop,t.co
Tue Nov 25 2025 13:58:42 GMT+0000 (Coordinated Universal Time),poly.market/aadvark89,Taiwan,Mobile,(direct)
Tue Nov 25 2025 13:57:42 GMT+0000 (Coordinated Universal Time),poly.market/aadvark89,Turkey,Mobile,t.co
Tue Nov 25 2025 13:54:53 GMT+0000 (Coordinated Universal Time),poly.market/aadvark89,Vietnam,Desktop,(direct)
Tue Nov 25 2025 13:51:14 GMT+0000 (Coordinated Universal Time),poly.market/aadvark89,Spain,Desktop,t.co
Tue Nov 25 2025 13:50:22 GMT+0000 (Coordinated Universal Time),poly.market/aadvark89,Taiwan,Desktop,(direct)
Tue Nov 25 2025 13:39:20 GMT+0000 (Coordinated Universal Time),poly.market/aadvark89,Vietnam,Desktop,(direct)
Tue Nov 25 2025 13:38:16 GMT+0000 (Coordinated Universal Time),poly.market/aadvark89,Netherlands,Desktop,(direct)
Tue Nov 25 2025 13:36:41 GMT+0000 (Coordinated Universal Time),poly.market/aadvark89,Vietnam,Desktop,(direct)
Tue Nov 25 2025 13:30:21 GMT+0000 (Coordinated Universal Time),poly.market/aadvark89,Thailand,Mobile,(direct)
Tue Nov 25 2025 13:30:10 GMT+0000 (Coordinated Universal Time),poly.market/aadvark89,Thailand,Mobile,(direct)
Tue Nov 25 2025 13:29:11 GMT+0000 (Coordinated Universal Time),poly.market/aadvark89,Thailand,Mobile,t.co
Tue Nov 25 2025 13:24:09 GMT+0000 (Coordinated Universal Time),poly.market/aadvark89,Vietnam,Desktop,t.co
Tue Nov 25 2025 13:24:04 GMT+0000 (Coordinated Universal Time),poly.market/aadvark89,Philippines,Mobile,t.co
Tue Nov 25 2025 13:22:06 GMT+0000 (Coordinated Universal Time),poly.market/aadvark89,Czech Republic,Desktop,t.co
Tue Nov 25 2025 13:18:53 GMT+0000 (Coordinated Universal Time),poly.market/aadvark89,Austria,Desktop,(direct)
Tue Nov 25 2025 13:16:53 GMT+0000 (Coordinated Universal Time),poly.market/aadvark89,India,Desktop,t.co
Tue Nov 25 2025 13:05:48 GMT+0000 (Coordinated Universal Time),poly.market/aadvark89,Bulgaria,Desktop,t.co
Tue Nov 25 2025 13:04:29 GMT+0000 (Coordinated Universal Time),poly.market/aadvark89,Morocco,Desktop,t.co
Tue Nov 25 2025 13:04:29 GMT+0000 (Coordinated Universal Time),poly.market/aadvark89,Morocco,Desktop,t.co
Tue Nov 25 2025 12:59:11 GMT+0000 (Coordinated Universal Time),poly.market/aadvark89,India,Mobile,t.co
Tue Nov 25 2025 12:40:15 GMT+0000 (Coordinated Universal Time),poly.market/aadvark89,Hong Kong,Desktop,t.co
Tue Nov 25 2025 12:40:15 GMT+0000 (Coordinated Universal Time),poly.market/aadvark89,Hong Kong,Desktop,t.co
Tue Nov 25 2025 12:19:29 GMT+0000 (Coordinated Universal Time),poly.market/aadvark89,Sweden,Mobile,t.co
Tue Nov 25 2025 12:12:23 GMT+0000 (Coordinated Universal Time),poly.market/aadvark89,Argentina,Desktop,t.co
Tue Nov 25 2025 12:08:42 GMT+0000 (Coordinated Universal Time),poly.market/aadvark89,Nigeria,Mobile,t.co
Tue Nov 25 2025 12:00:54 GMT+0000 (Coordinated Universal Time),poly.market/aadvark89,Hong Kong,Desktop,t.co
Tue Nov 25 2025 11:50:24 GMT+0000 (Coordinated Universal Time),poly.market/aadvark89,Sri Lanka,Mobile,t.co
Tue Nov 25 2025 11:44:19 GMT+0000 (Coordinated Universal Time),poly.market/aadvark89,Switzerland,Desktop,t.co
Tue Nov 25 2025 11:23:22 GMT+0000 (Coordinated Universal Time),poly.market/aadvark89,Netherlands,Desktop,(direct)
Tue Nov 25 2025 11:19:09 GMT+0000 (Coordinated Universal Time),poly.market/aadvark89,Spain,Desktop,t.co
Tue Nov 25 2025 11:18:08 GMT+0000 (Coordinated Universal Time),poly.market/aadvark89,Thailand,Desktop,(direct)
Tue Nov 25 2025 11:13:55 GMT+0000 (Coordinated Universal Time),poly.market/aadvark89,Taiwan,Desktop,t.co
Tue Nov 25 2025 11:13:36 GMT+0000 (Coordinated Universal Time),poly.market/aadvark89,Norway,Desktop,t.co
Tue Nov 25 2025 11:12:31 GMT+0000 (Coordinated Universal Time),poly.market/aadvark89,Taiwan,Mobile,(direct)
Tue Nov 25 2025 11:06:06 GMT+0000 (Coordinated Universal Time),poly.market/aadvark89,Czech Republic,Desktop,t.co
Tue Nov 25 2025 11:01:58 GMT+0000 (Coordinated Universal Time),poly.market/aadvark89,United States,Mobile,t.co
Tue Nov 25 2025 11:01:23 GMT+0000 (Coordinated Universal Time),poly.market/aadvark89,Taiwan,Mobile,(direct)
Tue Nov 25 2025 11:01:23 GMT+0000 (Coordinated Universal Time),poly.market/aadvark89,Taiwan,Mobile,(direct)
Tue Nov 25 2025 10:59:35 GMT+0000 (Coordinated Universal Time),poly.market/aadvark89,Nigeria,Mobile,t.co
Tue Nov 25 2025 10:59:20 GMT+0000 (Coordinated Universal Time),poly.market/aadvark89,Canada,Mobile,t.co
Tue Nov 25 2025 10:36:01 GMT+0000 (Coordinated Universal Time),poly.market/aadvark89,Poland,Mobile,t.co
Tue Nov 25 2025 10:34:32 GMT+0000 (Coordinated Universal Time),poly.market/aadvark89,United Kingdom,Mobile,t.co
Tue Nov 25 2025 10:33:08 GMT+0000 (Coordinated Universal Time),poly.market/aadvark89,Taiwan,Mobile,t.co
Tue Nov 25 2025 10:31:17 GMT+0000 (Coordinated Universal Time),poly.market/aadvark89,Ukraine,Desktop,t.co
Tue Nov 25 2025 10:27:34 GMT+0000 (Coordinated Universal Time),poly.market/aadvark89,United States,Mobile,t.co
Tue Nov 25 2025 10:25:30 GMT+0000 (Coordinated Universal Time),poly.market/aadvark89,Brazil,Desktop,(direct)
Tue Nov 25 2025 10:24:43 GMT+0000 (Coordinated Universal Time),poly.market/aadvark89,Nigeria,Mobile,t.co
Tue Nov 25 2025 10:21:19 GMT+0000 (Coordinated Universal Time),poly.market/aadvark89,India,Desktop,t.co
Tue Nov 25 2025 10:20:38 GMT+0000 (Coordinated Universal Time),poly.market/aadvark89,Greece,Desktop,t.co
Tue Nov 25 2025 10:17:45 GMT+0000 (Coordinated Universal Time),poly.market/aadvark89,Vietnam,Mobile,t.co
Tue Nov 25 2025 10:07:36 GMT+0000 (Coordinated Universal Time),poly.market/aadvark89,Thailand,Desktop,t.co
Tue Nov 25 2025 10:07:20 GMT+0000 (Coordinated Universal Time),poly.market/aadvark89,Georgia,Desktop,t.co
Tue Nov 25 2025 10:07:05 GMT+0000 (Coordinated Universal Time),poly.market/aadvark89,Hong Kong,Mobile,t.co
Tue Nov 25 2025 10:03:39 GMT+0000 (Coordinated Universal Time),poly.market/aadvark89,Vietnam,Mobile,t.co
Tue Nov 25 2025 09:49:19 GMT+0000 (Coordinated Universal Time),poly.market/aadvark89,Bulgaria,Desktop,(direct)
Tue Nov 25 2025 09:41:41 GMT+0000 (Coordinated Universal Time),poly.market/aadvark89,Indonesia,Mobile,t.co
Tue Nov 25 2025 09:38:28 GMT+0000 (Coordinated Universal Time),poly.market/aadvark89,Indonesia,Desktop,t.co
Tue Nov 25 2025 09:26:47 GMT+0000 (Coordinated Universal Time),poly.market/aadvark89,India,Desktop,t.co
Tue Nov 25 2025 09:26:22 GMT+0000 (Coordinated Universal Time),poly.market/aadvark89,Germany,Desktop,(direct)
Tue Nov 25 2025 09:20:24 GMT+0000 (Coordinated Universal Time),poly.market/aadvark89,United States,Mobile,t.co
Tue Nov 25 2025 09:15:56 GMT+0000 (Coordinated Universal Time),poly.market/aadvark89,Maldives,Mobile,t.co
Tue Nov 25 2025 09:14:44 GMT+0000 (Coordinated Universal Time),poly.market/aadvark89,India,Mobile,t.co
Tue Nov 25 2025 09:14:21 GMT+0000 (Coordinated Universal Time),poly.market/aadvark89,South Korea,Desktop,t.co
Tue Nov 25 2025 09:13:39 GMT+0000 (Coordinated Universal Time),poly.market/aadvark89,Philippines,Mobile,t.co
Tue Nov 25 2025 09:08:59 GMT+0000 (Coordinated Universal Time),poly.market/aadvark89,Malaysia,Mobile,(direct)
Tue Nov 25 2025 09:07:24 GMT+0000 (Coordinated Universal Time),poly.market/aadvark89,Indonesia,Mobile,t.co
Tue Nov 25 2025 09:04:04 GMT+0000 (Coordinated Universal Time),poly.market/aadvark89,Germany,Mobile,t.co
Tue Nov 25 2025 09:03:16 GMT+0000 (Coordinated Universal Time),poly.market/aadvark89,Bangladesh,Desktop,t.co
Tue Nov 25 2025 09:02:53 GMT+0000 (Coordinated Universal Time),poly.market/aadvark89,Malaysia,Desktop,(direct)
Tue Nov 25 2025 09:02:51 GMT+0000 (Coordinated Universal Time),poly.market/aadvark89,Nigeria,Mobile,t.co
Tue Nov 25 2025 09:02:33 GMT+0000 (Coordinated Universal Time),poly.market/aadvark89,India,Desktop,t.co
Tue Nov 25 2025 08:58:28 GMT+0000 (Coordinated Universal Time),poly.market/aadvark89,Malaysia,Desktop,t.co
Tue Nov 25 2025 08:56:17 GMT+0000 (Coordinated Universal Time),poly.market/aadvark89,Turkey,Desktop,t.co
Tue Nov 25 2025 08:52:52 GMT+0000 (Coordinated Universal Time),poly.market/aadvark89,Estonia,Desktop,t.co
Tue Nov 25 2025 08:48:38 GMT+0000 (Coordinated Universal Time),poly.market/aadvark89,Thailand,Desktop,t.co
Tue Nov 25 2025 08:47:32 GMT+0000 (Coordinated Universal Time),poly.market/aadvark89,Thailand,Desktop,t.co
Tue Nov 25 2025 08:41:08 GMT+0000 (Coordinated Universal Time),poly.market/aadvark89,Japan,Mobile,t.co
Tue Nov 25 2025 08:40:41 GMT+0000 (Coordinated Universal Time),poly.market/aadvark89,Malaysia,Mobile,t.co
Tue Nov 25 2025 08:33:04 GMT+0000 (Coordinated Universal Time),poly.market/aadvark89,Vietnam,Desktop,t.co
Tue Nov 25 2025 08:31:04 GMT+0000 (Coordinated Universal Time),poly.market/aadvark89,Croatia,Mobile,t.co
Tue Nov 25 2025 08:29:36 GMT+0000 (Coordinated Universal Time),poly.market/aadvark89,United States,Desktop,t.co
Tue Nov 25 2025 08:26:24 GMT+0000 (Coordinated Universal Time),poly.market/aadvark89,France,Mobile,t.co
Tue Nov 25 2025 08:11:08 GMT+0000 (Coordinated Universal Time),poly.market/aadvark89,India,Mobile,(direct)
Tue Nov 25 2025 08:10:49 GMT+0000 (Coordinated Universal Time),poly.market/aadvark89,India,Mobile,t.co
Tue Nov 25 2025 08:07:04 GMT+0000 (Coordinated Universal Time),poly.market/aadvark89,Singapore,Desktop,t.co
Tue Nov 25 2025 08:05:49 GMT+0000 (Coordinated Universal Time),poly.market/aadvark89,Finland,Desktop,t.co
Tue Nov 25 2025 08:04:17 GMT+0000 (Coordinated Universal Time),poly.market/aadvark89,India,Desktop,t.co
Tue Nov 25 2025 08:03:07 GMT+0000 (Coordinated Universal Time),poly.market/aadvark89,India,Desktop,t.co
Tue Nov 25 2025 08:01:32 GMT+0000 (Coordinated Universal Time),poly.market/aadvark89,India,Desktop,t.co
Tue Nov 25 2025 07:58:01 GMT+0000 (Coordinated Universal Time),poly.market/aadvark89,United States,Desktop,t.co
Tue Nov 25 2025 06:01:20 GMT+0000 (Coordinated Universal Time),poly.market/aadvark89,Czech Republic,Desktop,(direct)
Mon Nov 24 2025 23:11:25 GMT+0000 (Coordinated Universal Time),poly.market/aadvark89,Australia,Desktop,(direct)
Mon Nov 24 2025 18:19:20 GMT+0000 (Coordinated Universal Time),poly.market/aadvark89,India,Mobile,t.co
Mon Nov 24 2025 17:52:25 GMT+0000 (Coordinated Universal Time),poly.market/aadvark89,Turkey,Desktop,t.co
Mon Nov 24 2025 16:00:45 GMT+0000 (Coordinated Universal Time),poly.market/aadvark89,India,Mobile,t.co
Mon Nov 24 2025 08:30:08 GMT+0000 (Coordinated Universal Time),poly.market/aadvark89,Australia,Desktop,(direct)
Mon Nov 24 2025 07:13:52 GMT+0000 (Coordinated Universal Time),poly.market/aadvark89,Czech Republic,Desktop,(direct)
Mon Nov 24 2025 03:21:27 GMT+0000 (Coordinated Universal Time),poly.market/aadvark89,Australia,Desktop,(direct)
Mon Nov 24 2025 02:09:55 GMT+0000 (Coordinated Universal Time),poly.market/aadvark89,Vietnam,Desktop,(direct)
Mon Nov 24 2025 01:27:52 GMT+0000 (Coordinated Universal Time),poly.market/aadvark89,Vietnam,Desktop,(direct)
Mon Nov 24 2025 00:21:11 GMT+0000 (Coordinated Universal Time),poly.market/aadvark89,Vietnam,Desktop,(direct)
Sun Nov 23 2025 18:59:12 GMT+0000 (Coordinated Universal Time),poly.market/aadvark89,Australia,Desktop,(direct)
Sun Nov 23 2025 16:28:09 GMT+0000 (Coordinated Universal Time),poly.market/aadvark89,Czech Republic,Desktop,(direct)
Sun Nov 23 2025 15:08:37 GMT+0000 (Coordinated Universal Time),poly.market/aadvark89,Vietnam,Desktop,(direct)
Sun Nov 23 2025 00:12:49 GMT+0000 (Coordinated Universal Time),poly.market/aadvark89,Indonesia,Mobile,(direct)
Sat Nov 22 2025 17:38:52 GMT+0000 (Coordinated Universal Time),poly.market/aadvark89,Australia,Mobile,t.co
Sat Nov 22 2025 17:24:15 GMT+0000 (Coordinated Universal Time),poly.market/aadvark89,United States,Mobile,t.co
Sat Nov 22 2025 17:14:25 GMT+0000 (Coordinated Universal Time),poly.market/aadvark89,Bangladesh,Desktop,t.co
Sat Nov 22 2025 17:14:25 GMT+0000 (Coordinated Universal Time),poly.market/aadvark89,Bangladesh,Desktop,t.co
Sat Nov 22 2025 16:53:23 GMT+0000 (Coordinated Universal Time),poly.market/aadvark89,Taiwan,Mobile,t.co
Sat Nov 22 2025 15:56:14 GMT+0000 (Coordinated Universal Time),poly.market/aadvark89,United Kingdom,Mobile,t.co
Sat Nov 22 2025 14:27:03 GMT+0000 (Coordinated Universal Time),poly.market/aadvark89,Philippines,Mobile,t.co
Sat Nov 22 2025 14:04:07 GMT+0000 (Coordinated Universal Time),poly.market/aadvark89,Nigeria,Mobile,(direct)
Sat Nov 22 2025 13:22:54 GMT+0000 (Coordinated Universal Time),poly.market/aadvark89,Vietnam,Mobile,t.co
Sat Nov 22 2025 13:21:58 GMT+0000 (Coordinated Universal Time),poly.market/aadvark89,Japan,Mobile,t.co
Sat Nov 22 2025 13:10:08 GMT+0000 (Coordinated Universal Time),poly.market/aadvark89,Indonesia,Mobile,t.co
Sat Nov 22 2025 12:56:27 GMT+0000 (Coordinated Universal Time),poly.market/aadvark89,Singapore,Mobile,t.co
Sat Nov 22 2025 12:42:06 GMT+0000 (Coordinated Universal Time),poly.market/aadvark89,Indonesia,Mobile,t.co
Sat Nov 22 2025 12:38:05 GMT+0000 (Coordinated Universal Time),poly.market/aadvark89,Netherlands,Mobile,t.co
Sat Nov 22 2025 12:26:20 GMT+0000 (Coordinated Universal Time),poly.market/aadvark89,Norway,Mobile,(direct)
Sat Nov 22 2025 12:19:53 GMT+0000 (Coordinated Universal Time),poly.market/aadvark89,Thailand,Mobile,t.co
Sat Nov 22 2025 12:02:31 GMT+0000 (Coordinated Universal Time),poly.market/aadvark89,India,Desktop,t.co
Sat Nov 22 2025 11:52:03 GMT+0000 (Coordinated Universal Time),poly.market/aadvark89,Italy,Mobile,(direct)
Sat Nov 22 2025 11:40:34 GMT+0000 (Coordinated Universal Time),poly.market/aadvark89,Indonesia,Mobile,t.co
Sat Nov 22 2025 11:33:45 GMT+0000 (Coordinated Universal Time),poly.market/aadvark89,Nigeria,Mobile,(direct)
Sat Nov 22 2025 11:24:29 GMT+0000 (Coordinated Universal Time),poly.market/aadvark89,Indonesia,Mobile,t.co
Sat Nov 22 2025 11:01:24 GMT+0000 (Coordinated Universal Time),poly.market/aadvark89,Indonesia,Mobile,t.co
Sat Nov 22 2025 10:18:14 GMT+0000 (Coordinated Universal Time),poly.market/aadvark89,Kyrgyzstan,Mobile,t.co
Sat Nov 22 2025 09:54:05 GMT+0000 (Coordinated Universal Time),poly.market/aadvark89,Germany,Mobile,t.co
Sat Nov 22 2025 09:27:09 GMT+0000 (Coordinated Universal Time),poly.market/aadvark89,United States,Mobile,t.co
Sat Nov 22 2025 09:18:11 GMT+0000 (Coordinated Universal Time),poly.market/aadvark89,United States,Mobile,t.co
Sat Nov 22 2025 09:03:20 GMT+0000 (Coordinated Universal Time),poly.market/aadvark89,Switzerland,Desktop,t.co
Sat Nov 22 2025 08:41:55 GMT+0000 (Coordinated Universal Time),poly.market/aadvark89,India,Mobile,t.co
Sat Nov 22 2025 08:23:05 GMT+0000 (Coordinated Universal Time),poly.market/aadvark89,United States,Mobile,t.co
Sat Nov 22 2025 08:09:12 GMT+0000 (Coordinated Universal Time),poly.market/aadvark89,Germany,Desktop,t.co
Sat Nov 22 2025 07:42:20 GMT+0000 (Coordinated Universal Time),poly.market/aadvark89,Pakistan,Mobile,(direct)
Sat Nov 22 2025 07:39:09 GMT+0000 (Coordinated Universal Time),poly.market/aadvark89,Saudi Arabia,Mobile,t.co
Sat Nov 22 2025 07:38:22 GMT+0000 (Coordinated Universal Time),poly.market/aadvark89,Bangladesh,Mobile,t.co
Sat Nov 22 2025 07:36:04 GMT+0000 (Coordinated Universal Time),poly.market/aadvark89,Nigeria,Mobile,t.co
Sat Nov 22 2025 07:24:41 GMT+0000 (Coordinated Universal Time),poly.market/aadvark89,Ukraine,Desktop,t.co
Sat Nov 22 2025 07:18:49 GMT+0000 (Coordinated Universal Time),poly.market/aadvark89,Nigeria,Mobile,(direct)
Sat Nov 22 2025 07:09:59 GMT+0000 (Coordinated Universal Time),poly.market/aadvark89,Hong Kong,Mobile,t.co
Sat Nov 22 2025 06:49:10 GMT+0000 (Coordinated Universal Time),poly.market/aadvark89,United States,Mobile,t.co
Sat Nov 22 2025 06:15:15 GMT+0000 (Coordinated Universal Time),poly.market/aadvark89,Pakistan,Mobile,t.co
Sat Nov 22 2025 05:55:48 GMT+0000 (Coordinated Universal Time),poly.market/aadvark89,United States,Mobile,t.co
Sat Nov 22 2025 05:33:18 GMT+0000 (Coordinated Universal Time),poly.market/aadvark89,Taiwan,Desktop,t.co
Sat Nov 22 2025 05:23:03 GMT+0000 (Coordinated Universal Time),poly.market/aadvark89,United States,Mobile,t.co
Sat Nov 22 2025 05:14:13 GMT+0000 (Coordinated Universal Time),poly.market/aadvark89,Vietnam,Mobile,t.co
Sat Nov 22 2025 05:09:55 GMT+0000 (Coordinated Universal Time),poly.market/aadvark89,India,Mobile,t.co
Sat Nov 22 2025 05:08:24 GMT+0000 (Coordinated Universal Time),poly.market/aadvark89,India,Desktop,t.co
Sat Nov 22 2025 05:04:41 GMT+0000 (Coordinated Universal Time),poly.market/aadvark89,Nepal,Mobile,t.co
Sat Nov 22 2025 04:58:02 GMT+0000 (Coordinated Universal Time),poly.market/aadvark89,Vietnam,Desktop,t.co
Sat Nov 22 2025 04:41:16 GMT+0000 (Coordinated Universal Time),poly.market/aadvark89,United States,Desktop,t.co
Sat Nov 22 2025 04:18:56 GMT+0000 (Coordinated Universal Time),poly.market/aadvark89,Malaysia,Mobile,(direct)
Sat Nov 22 2025 04:13:13 GMT+0000 (Coordinated Universal Time),poly.market/aadvark89,Vietnam,Desktop,t.co
Sat Nov 22 2025 02:39:43 GMT+0000 (Coordinated Universal Time),poly.market/aadvark89,Vietnam,Desktop,(direct)
Sat Nov 22 2025 02:29:27 GMT+0000 (Coordinated Universal Time),poly.market/aadvark89,India,Desktop,t.co
Sat Nov 22 2025 02:23:12 GMT+0000 (Coordinated Universal Time),poly.market/aadvark89,Vietnam,Mobile,t.co
Sat Nov 22 2025 02:03:12 GMT+0000 (Coordinated Universal Time),poly.market/aadvark89,United States,Mobile,t.co
Sat Nov 22 2025 01:46:04 GMT+0000 (Coordinated Universal Time),poly.market/aadvark89,Indonesia,Mobile,t.co
Sat Nov 22 2025 01:38:59 GMT+0000 (Coordinated Universal Time),poly.market/aadvark89,Vietnam,Desktop,t.co
Sat Nov 22 2025 01:22:36 GMT+0000 (Coordinated Universal Time),poly.market/aadvark89,Taiwan,Mobile,t.co
Sat Nov 22 2025 01:11:11 GMT+0000 (Coordinated Universal Time),poly.market/aadvark89,Austria,Desktop,t.co
Sat Nov 22 2025 00:31:02 GMT+0000 (Coordinated Universal Time),poly.market/aadvark89,Australia,Desktop,(direct)
Sat Nov 22 2025 00:00:16 GMT+0000 (Coordinated Universal Time),poly.market/aadvark89,United Kingdom,Mobile,t.co
Fri Nov 21 2025 23:55:13 GMT+0000 (Coordinated Universal Time),poly.market/aadvark89,United States,Desktop,(direct)
Fri Nov 21 2025 23:55:13 GMT+0000 (Coordinated Universal Time),poly.market/aadvark89,United States,Desktop,(direct)
Fri Nov 21 2025 23:01:08 GMT+0000 (Coordinated Universal Time),poly.market/aadvark89,United States,Desktop,t.co
Fri Nov 21 2025 22:39:53 GMT+0000 (Coordinated Universal Time),poly.market/aadvark89,United States,Desktop,t.co
Fri Nov 21 2025 22:28:40 GMT+0000 (Coordinated Universal Time),poly.market/aadvark89,United States,Mobile,t.co
Fri Nov 21 2025 22:25:46 GMT+0000 (Coordinated Universal Time),poly.market/aadvark89,United States,Mobile,t.co
Fri Nov 21 2025 22:12:18 GMT+0000 (Coordinated Universal Time),poly.market/aadvark89,United States,Mobile,t.co
Fri Nov 21 2025 22:02:21 GMT+0000 (Coordinated Universal Time),poly.market/aadvark89,United Kingdom,Mobile,t.co
Fri Nov 21 2025 21:52:21 GMT+0000 (Coordinated Universal Time),poly.market/aadvark89,Turkey,Desktop,t.co
Fri Nov 21 2025 21:51:21 GMT+0000 (Coordinated Universal Time),poly.market/aadvark89,United Kingdom,Desktop,t.co
Fri Nov 21 2025 21:48:02 GMT+0000 (Coordinated Universal Time),poly.market/aadvark89,Germany,Mobile,t.co
Fri Nov 21 2025 21:44:45 GMT+0000 (Coordinated Universal Time),poly.market/aadvark89,Denmark,Mobile,t.co
Fri Nov 21 2025 21:42:53 GMT+0000 (Coordinated Universal Time),poly.market/aadvark89,Netherlands,Mobile,t.co
Fri Nov 21 2025 21:41:52 GMT+0000 (Coordinated Universal Time),poly.market/aadvark89,United States,Desktop,t.co
Fri Nov 21 2025 21:22:24 GMT+0000 (Coordinated Universal Time),poly.market/aadvark89,Canada,Desktop,(direct)
Fri Nov 21 2025 21:18:25 GMT+0000 (Coordinated Universal Time),poly.market/aadvark89,Ukraine,Mobile,t.co
Fri Nov 21 2025 20:43:09 GMT+0000 (Coordinated Universal Time),poly.market/aadvark89,Vietnam,Desktop,t.co
Fri Nov 21 2025 20:29:46 GMT+0000 (Coordinated Universal Time),poly.market/aadvark89,Ukraine,Mobile,t.co
Fri Nov 21 2025 20:12:40 GMT+0000 (Coordinated Universal Time),poly.market/aadvark89,United States,Desktop,t.co
Fri Nov 21 2025 19:53:54 GMT+0000 (Coordinated Universal Time),poly.market/aadvark89,Brazil,Mobile,t.co
Fri Nov 21 2025 19:44:33 GMT+0000 (Coordinated Universal Time),poly.market/aadvark89,India,Mobile,t.co
Fri Nov 21 2025 19:38:30 GMT+0000 (Coordinated Universal Time),poly.market/aadvark89,Turkey,Desktop,t.co
Fri Nov 21 2025 19:36:35 GMT+0000 (Coordinated Universal Time),poly.market/aadvark89,Taiwan,Mobile,t.co
Fri Nov 21 2025 19:31:23 GMT+0000 (Coordinated Universal Time),poly.market/aadvark89,Egypt,Mobile,t.co
Fri Nov 21 2025 19:29:56 GMT+0000 (Coordinated Universal Time),poly.market/aadvark89,United States,Mobile,t.co
Fri Nov 21 2025 19:18:44 GMT+0000 (Coordinated Universal Time),poly.market/aadvark89,Portugal,Mobile,t.co
Fri Nov 21 2025 19:14:10 GMT+0000 (Coordinated Universal Time),poly.market/aadvark89,United States,Mobile,t.co
Fri Nov 21 2025 18:37:13 GMT+0000 (Coordinated Universal Time),poly.market/aadvark89,India,Desktop,t.co
Fri Nov 21 2025 18:29:57 GMT+0000 (Coordinated Universal Time),poly.market/aadvark89,Hong Kong,Desktop,t.co
Fri Nov 21 2025 18:00:10 GMT+0000 (Coordinated Universal Time),poly.market/aadvark89,Greece,Desktop,t.co
Fri Nov 21 2025 17:54:16 GMT+0000 (Coordinated Universal Time),poly.market/aadvark89,India,Desktop,t.co
Fri Nov 21 2025 17:53:04 GMT+0000 (Coordinated Universal Time),poly.market/aadvark89,United Kingdom,Desktop,t.co
Fri Nov 21 2025 17:52:04 GMT+0000 (Coordinated Universal Time),poly.market/aadvark89,India,Desktop,t.co
Fri Nov 21 2025 17:37:17 GMT+0000 (Coordinated Universal Time),poly.market/aadvark89,Bulgaria,Desktop,t.co
Fri Nov 21 2025 17:36:54 GMT+0000 (Coordinated Universal Time),poly.market/aadvark89,Brazil,Desktop,t.co
Fri Nov 21 2025 14:12:13 GMT+0000 (Coordinated Universal Time),poly.market/aadvark89,Netherlands,Desktop,(direct)
Fri Nov 21 2025 11:52:00 GMT+0000 (Coordinated Universal Time),poly.market/aadvark89,Indonesia,Mobile,t.co
Fri Nov 21 2025 06:27:36 GMT+0000 (Coordinated Universal Time),poly.market/aadvark89,France,Mobile,t.co
Thu Nov 20 2025 22:57:41 GMT+0000 (Coordinated Universal Time),poly.market/aadvark89,Hong Kong,Desktop,t.co
Thu Nov 20 2025 05:22:51 GMT+0000 (Coordinated Universal Time),poly.market/aadvark89,Netherlands,Desktop,(direct)
Wed Nov 19 2025 20:20:04 GMT+0000 (Coordinated Universal Time),poly.market/aadvark89,Netherlands,Desktop,(direct)
Wed Nov 19 2025 18:51:13 GMT+0000 (Coordinated Universal Time),poly.market/aadvark89,Netherlands,Desktop,(direct)
Wed Nov 19 2025 13:45:03 GMT+0000 (Coordinated Universal Time),poly.market/aadvark89,Israel,Desktop,t.co
Wed Nov 19 2025 03:20:05 GMT+0000 (Coordinated Universal Time),poly.market/aadvark89,United States,Mobile,t.co
Wed Nov 19 2025 02:34:03 GMT+0000 (Coordinated Universal Time),poly.market/aadvark89,Lithuania,Mobile,t.co
Tue Nov 18 2025 22:20:55 GMT+0000 (Coordinated Universal Time),poly.market/aadvark89,France,Desktop,t.co
Tue Nov 18 2025 18:10:28 GMT+0000 (Coordinated Universal Time),poly.market/aadvark89,Netherlands,Desktop,t.co
Tue Nov 18 2025 17:02:06 GMT+0000 (Coordinated Universal Time),poly.market/aadvark89,Sri Lanka,Desktop,t.co
Tue Nov 18 2025 17:02:05 GMT+0000 (Coordinated Universal Time),poly.market/aadvark89,Canada,Mobile,t.co
Tue Nov 18 2025 16:51:42 GMT+0000 (Coordinated Universal Time),poly.market/aadvark89,United Kingdom,Desktop,t.co
Tue Nov 18 2025 16:34:32 GMT+0000 (Coordinated Universal Time),poly.market/aadvark89,India,Mobile,t.co
Tue Nov 18 2025 16:22:35 GMT+0000 (Coordinated Universal Time),poly.market/aadvark89,Turkey,Desktop,t.co
Tue Nov 18 2025 10:54:28 GMT+0000 (Coordinated Universal Time),poly.market/aadvark89,Indonesia,Desktop,t.co
Tue Nov 18 2025 08:31:22 GMT+0000 (Coordinated Universal Time),poly.market/aadvark89,Hong Kong,Desktop,t.co
Tue Nov 18 2025 08:22:19 GMT+0000 (Coordinated Universal Time),poly.market/aadvark89,Germany,Desktop,(direct)
Tue Nov 18 2025 06:58:32 GMT+0000 (Coordinated Universal Time),poly.market/aadvark89,Czech Republic,Desktop,(direct)
Tue Nov 18 2025 06:19:21 GMT+0000 (Coordinated Universal Time),poly.market/aadvark89,Ukraine,Desktop,t.co
Tue Nov 18 2025 06:10:33 GMT+0000 (Coordinated Universal Time),poly.market/aadvark89,India,Desktop,t.co
Tue Nov 18 2025 05:27:26 GMT+0000 (Coordinated Universal Time),poly.market/aadvark89,United States,Desktop,t.co
Tue Nov 18 2025 05:12:51 GMT+0000 (Coordinated Universal Time),poly.market/aadvark89,Saudi Arabia,Mobile,t.co
Tue Nov 18 2025 02:37:16 GMT+0000 (Coordinated Universal Time),poly.market/aadvark89,Brazil,Desktop,t.co
Tue Nov 18 2025 02:09:42 GMT+0000 (Coordinated Universal Time),poly.market/aadvark89,United States,Mobile,t.co
Tue Nov 18 2025 01:17:49 GMT+0000 (Coordinated Universal Time),poly.market/aadvark89,Germany,Mobile,com.twitter.android
Tue Nov 18 2025 00:44:52 GMT+0000 (Coordinated Universal Time),poly.market/aadvark89,Malaysia,Mobile,t.co
Mon Nov 17 2025 23:40:49 GMT+0000 (Coordinated Universal Time),poly.market/aadvark89,Argentina,Mobile,t.co
Mon Nov 17 2025 21:16:40 GMT+0000 (Coordinated Universal Time),poly.market/aadvark89,United States,Mobile,t.co
Mon Nov 17 2025 19:47:27 GMT+0000 (Coordinated Universal Time),poly.market/aadvark89,United States,Desktop,t.co
Mon Nov 17 2025 19:14:16 GMT+0000 (Coordinated Universal Time),poly.market/aadvark89,Mexico,Mobile,t.co
Mon Nov 17 2025 19:02:55 GMT+0000 (Coordinated Universal Time),poly.market/aadvark89,United States,Mobile,(direct)
Mon Nov 17 2025 18:29:20 GMT+0000 (Coordinated Universal Time),poly.market/aadvark89,Germany,Desktop,t.co
Mon Nov 17 2025 17:48:01 GMT+0000 (Coordinated Universal Time),poly.market/aadvark89,Netherlands,Desktop,t.co
Mon Nov 17 2025 17:46:05 GMT+0000 (Coordinated Universal Time),poly.market/aadvark89,France,Desktop,t.co
Mon Nov 17 2025 16:43:24 GMT+0000 (Coordinated Universal Time),poly.market/aadvark89,United States,Mobile,(direct)
Mon Nov 17 2025 15:50:36 GMT+0000 (Coordinated Universal Time),poly.market/aadvark89,Japan,Desktop,t.co
Mon Nov 17 2025 15:50:27 GMT+0000 (Coordinated Universal Time),poly.market/aadvark89,United States,Desktop,t.co
Mon Nov 17 2025 15:32:18 GMT+0000 (Coordinated Universal Time),poly.market/aadvark89,United States,Mobile,t.co
Mon Nov 17 2025 15:21:48 GMT+0000 (Coordinated Universal Time),poly.market/aadvark89,Mexico,Desktop,t.co
Mon Nov 17 2025 15:13:00 GMT+0000 (Coordinated Universal Time),poly.market/aadvark89,Australia,Desktop,t.co
Mon Nov 17 2025 15:06:01 GMT+0000 (Coordinated Universal Time),poly.market/aadvark89,Brazil,Mobile,t.co
Mon Nov 17 2025 15:01:52 GMT+0000 (Coordinated Universal Time),poly.market/aadvark89,Norway,Desktop,t.co
Mon Nov 17 2025 14:53:37 GMT+0000 (Coordinated Universal Time),poly.market/aadvark89,United Kingdom,Mobile,t.co
Mon Nov 17 2025 14:46:37 GMT+0000 (Coordinated Universal Time),poly.market/aadvark89,Italy,Mobile,(direct)
Mon Nov 17 2025 14:46:31 GMT+0000 (Coordinated Universal Time),poly.market/aadvark89,Italy,Mobile,t.co
Mon Nov 17 2025 14:30:36 GMT+0000 (Coordinated Universal Time),poly.market/aadvark89,Romania,Desktop,(direct)
Mon Nov 17 2025 14:08:53 GMT+0000 (Coordinated Universal Time),poly.market/aadvark89,Japan,Desktop,t.co
Mon Nov 17 2025 13:42:58 GMT+0000 (Coordinated Universal Time),poly.market/aadvark89,Australia,Desktop,t.co
Mon Nov 17 2025 13:35:21 GMT+0000 (Coordinated Universal Time),poly.market/aadvark89,United States,Desktop,t.co
Mon Nov 17 2025 13:22:54 GMT+0000 (Coordinated Universal Time),poly.market/aadvark89,Germany,Desktop,t.co
Mon Nov 17 2025 13:09:50 GMT+0000 (Coordinated Universal Time),poly.market/aadvark89,Indonesia,Desktop,t.co
Mon Nov 17 2025 13:06:48 GMT+0000 (Coordinated Universal Time),poly.market/aadvark89,Turkey,Mobile,t.co
Mon Nov 17 2025 12:57:20 GMT+0000 (Coordinated Universal Time),poly.market/aadvark89,Switzerland,Desktop,t.co
Mon Nov 17 2025 12:53:40 GMT+0000 (Coordinated Universal Time),poly.market/aadvark89,Brazil,Desktop,t.co
Mon Nov 17 2025 12:51:54 GMT+0000 (Coordinated Universal Time),poly.market/aadvark89,Japan,Desktop,t.co
Mon Nov 17 2025 12:48:25 GMT+0000 (Coordinated Universal Time),poly.market/aadvark89,United States,Desktop,t.co
Mon Nov 17 2025 12:42:54 GMT+0000 (Coordinated Universal Time),poly.market/aadvark89,France,Desktop,t.co
Mon Nov 17 2025 12:37:34 GMT+0000 (Coordinated Universal Time),poly.market/aadvark89,France,Desktop,t.co
Mon Nov 17 2025 12:35:54 GMT+0000 (Coordinated Universal Time),poly.market/aadvark89,India,Desktop,t.co
Mon Nov 17 2025 12:21:03 GMT+0000 (Coordinated Universal Time),poly.market/aadvark89,Spain,Desktop,t.co
Mon Nov 17 2025 12:09:28 GMT+0000 (Coordinated Universal Time),poly.market/aadvark89,United Kingdom,Mobile,t.co
Mon Nov 17 2025 11:43:30 GMT+0000 (Coordinated Universal Time),poly.market/aadvark89,Malaysia,Mobile,t.co
Mon Nov 17 2025 11:21:15 GMT+0000 (Coordinated Universal Time),poly.market/aadvark89,Croatia,Desktop,t.co
Mon Nov 17 2025 11:20:31 GMT+0000 (Coordinated Universal Time),poly.market/aadvark89,Puerto Rico,Desktop,t.co
Mon Nov 17 2025 11:09:21 GMT+0000 (Coordinated Universal Time),poly.market/aadvark89,Poland,Desktop,t.co
Mon Nov 17 2025 10:45:55 GMT+0000 (Coordinated Universal Time),poly.market/aadvark89,Japan,Desktop,t.co
Mon Nov 17 2025 10:38:59 GMT+0000 (Coordinated Universal Time),poly.market/aadvark89,Vietnam,Desktop,t.co
Mon Nov 17 2025 10:38:25 GMT+0000 (Coordinated Universal Time),poly.market/aadvark89,France,Desktop,t.co
Mon Nov 17 2025 10:31:41 GMT+0000 (Coordinated Universal Time),poly.market/aadvark89,Hong Kong,Desktop,(direct)
Mon Nov 17 2025 10:29:01 GMT+0000 (Coordinated Universal Time),poly.market/aadvark89,Hong Kong,Desktop,t.co
Mon Nov 17 2025 10:25:43 GMT+0000 (Coordinated Universal Time),poly.market/aadvark89,Morocco,Desktop,t.co
Mon Nov 17 2025 10:12:43 GMT+0000 (Coordinated Universal Time),poly.market/aadvark89,Hungary,Mobile,t.co
Mon Nov 17 2025 10:04:07 GMT+0000 (Coordinated Universal Time),poly.market/aadvark89,Canada,Mobile,t.co
Mon Nov 17 2025 10:02:55 GMT+0000 (Coordinated Universal Time),poly.market/aadvark89,Germany,Mobile,t.co
Mon Nov 17 2025 09:22:01 GMT+0000 (Coordinated Universal Time),poly.market/aadvark89,Germany,Mobile,t.co
Mon Nov 17 2025 09:18:17 GMT+0000 (Coordinated Universal Time),poly.market/aadvark89,United States,Mobile,t.co
Mon Nov 17 2025 09:15:27 GMT+0000 (Coordinated Universal Time),poly.market/aadvark89,Spain,Desktop,t.co
Mon Nov 17 2025 08:57:47 GMT+0000 (Coordinated Universal Time),poly.market/aadvark89,Saudi Arabia,Mobile,t.co
Mon Nov 17 2025 08:47:29 GMT+0000 (Coordinated Universal Time),poly.market/aadvark89,Vietnam,Mobile,t.co
Mon Nov 17 2025 08:23:43 GMT+0000 (Coordinated Universal Time),poly.market/aadvark89,Philippines,Desktop,t.co
Mon Nov 17 2025 08:04:20 GMT+0000 (Coordinated Universal Time),poly.market/aadvark89,Czech Republic,Desktop,t.co
Mon Nov 17 2025 07:54:12 GMT+0000 (Coordinated Universal Time),poly.market/aadvark89,Spain,Mobile,t.co
Mon Nov 17 2025 07:34:28 GMT+0000 (Coordinated Universal Time),poly.market/aadvark89,United States,Desktop,t.co
Sat Nov 15 2025 04:37:56 GMT+0000 (Coordinated Universal Time),poly.market/aadvark89,Ireland,Desktop,t.co
Fri Nov 14 2025 16:41:17 GMT+0000 (Coordinated Universal Time),poly.market/aadvark89,Netherlands,Desktop,(direct)
Thu Nov 13 2025 23:18:55 GMT+0000 (Coordinated Universal Time),poly.market/aadvark89,Belarus,Mobile,t.co
Thu Nov 13 2025 18:43:54 GMT+0000 (Coordinated Universal Time),poly.market/aadvark89,United States,Desktop,t.co
Thu Nov 13 2025 12:44:28 GMT+0000 (Coordinated Universal Time),poly.market/aadvark89,Azerbaijan,Desktop,t.co
Thu Nov 13 2025 07:21:54 GMT+0000 (Coordinated Universal Time),poly.market/aadvark89,Germany,Desktop,t.co
Wed Nov 12 2025 15:24:32 GMT+0000 (Coordinated Universal Time),poly.market/aadvark89,India,Desktop,t.co
Tue Nov 11 2025 14:00:50 GMT+0000 (Coordinated Universal Time),poly.market/aadvark89,United Kingdom,Mobile,t.co
Mon Nov 10 2025 17:33:54 GMT+0000 (Coordinated Universal Time),poly.market/aadvark89,Colombia,Desktop,(direct)
Mon Nov 10 2025 15:43:23 GMT+0000 (Coordinated Universal Time),poly.market/aadvark89,Colombia,Desktop,t.co
Sun Nov 09 2025 18:48:45 GMT+0000 (Coordinated Universal Time),poly.market/aadvark89,India,Desktop,(direct)
Sun Nov 09 2025 05:47:01 GMT+0000 (Coordinated Universal Time),poly.market/aadvark89,United States,Mobile,t.co
Sat Nov 08 2025 21:43:27 GMT+0000 (Coordinated Universal Time),poly.market/aadvark89,Netherlands,Mobile,t.co
Sat Nov 08 2025 20:14:56 GMT+0000 (Coordinated Universal Time),poly.market/aadvark89,India,Desktop,(direct)
Sat Nov 08 2025 12:22:25 GMT+0000 (Coordinated Universal Time),poly.market/aadvark89,India,Desktop,(direct)
Sat Nov 08 2025 09:29:27 GMT+0000 (Coordinated Universal Time),poly.market/aadvark89,United Kingdom,Mobile,(direct)
Fri Nov 07 2025 17:39:17 GMT+0000 (Coordinated Universal Time),poly.market/aadvark89,India,Desktop,t.co
Fri Nov 07 2025 17:22:19 GMT+0000 (Coordinated Universal Time),poly.market/aadvark89,India,Desktop,(direct)
Fri Nov 07 2025 09:53:19 GMT+0000 (Coordinated Universal Time),poly.market/aadvark89,Thailand,Desktop,t.co
Fri Nov 07 2025 09:33:32 GMT+0000 (Coordinated Universal Time),poly.market/aadvark89,Thailand,Mobile,(direct)
Fri Nov 07 2025 08:53:00 GMT+0000 (Coordinated Universal Time),poly.market/aadvark89,Netherlands,Desktop,t.co
Fri Nov 07 2025 08:27:53 GMT+0000 (Coordinated Universal Time),poly.market/aadvark89,Nigeria,Mobile,t.co
Fri Nov 07 2025 07:09:50 GMT+0000 (Coordinated Universal Time),poly.market/aadvark89,Germany,Mobile,t.co
Fri Nov 07 2025 07:08:15 GMT+0000 (Coordinated Universal Time),poly.market/aadvark89,Thailand,Mobile,(direct)
Fri Nov 07 2025 07:08:13 GMT+0000 (Coordinated Universal Time),poly.market/aadvark89,Thailand,Mobile,(direct)
Fri Nov 07 2025 07:04:27 GMT+0000 (Coordinated Universal Time),poly.market/aadvark89,Netherlands,Desktop,t.co
Fri Nov 07 2025 03:22:18 GMT+0000 (Coordinated Universal Time),poly.market/aadvark89,India,Tablet,(direct)
Fri Nov 07 2025 00:48:44 GMT+0000 (Coordinated Universal Time),poly.market/aadvark89,United States,Mobile,t.co
Thu Nov 06 2025 22:31:33 GMT+0000 (Coordinated Universal Time),poly.market/aadvark89,Germany,Mobile,t.co
Thu Nov 06 2025 19:40:38 GMT+0000 (Coordinated Universal Time),poly.market/aadvark89,United Kingdom,Mobile,portfolio.metamask.io
Thu Nov 06 2025 19:38:31 GMT+0000 (Coordinated Universal Time),poly.market/aadvark89,United Kingdom,Mobile,t.co
Thu Nov 06 2025 19:25:05 GMT+0000 (Coordinated Universal Time),poly.market/aadvark89,India,Desktop,(direct)
Thu Nov 06 2025 12:52:47 GMT+0000 (Coordinated Universal Time),poly.market/aadvark89,Albania,Desktop,t.co
Thu Nov 06 2025 12:26:08 GMT+0000 (Coordinated Universal Time),poly.market/aadvark89,India,Desktop,(direct)
Thu Nov 06 2025 07:51:55 GMT+0000 (Coordinated Universal Time),poly.market/aadvark89,Sri Lanka,Mobile,t.co
Thu Nov 06 2025 07:51:16 GMT+0000 (Coordinated Universal Time),poly.market/aadvark89,Thailand,Desktop,t.co
Wed Nov 05 2025 05:00:07 GMT+0000 (Coordinated Universal Time),poly.market/aadvark89,Thailand,Desktop,t.co
Wed Nov 05 2025 04:38:46 GMT+0000 (Coordinated Universal Time),poly.market/aadvark89,United States,Mobile,t.co
Tue Nov 04 2025 23:04:50 GMT+0000 (Coordinated Universal Time),poly.market/aadvark89,United Arab Emirates,Mobile,(direct)
Tue Nov 04 2025 22:06:16 GMT+0000 (Coordinated Universal Time),poly.market/aadvark89,United Arab Emirates,Mobile,(direct)
Tue Nov 04 2025 17:05:33 GMT+0000 (Coordinated Universal Time),poly.market/aadvark89,India,Desktop,(direct)
Mon Nov 03 2025 19:21:38 GMT+0000 (Coordinated Universal Time),poly.market/aadvark89,United States,Desktop,t.co
Mon Nov 03 2025 17:16:39 GMT+0000 (Coordinated Universal Time),poly.market/aadvark89,Canada,Mobile,t.co
Mon Nov 03 2025 15:37:36 GMT+0000 (Coordinated Universal Time),poly.market/aadvark89,Hungary,Mobile,t.co
Mon Nov 03 2025 11:45:23 GMT+0000 (Coordinated Universal Time),poly.market/aadvark89,India,Desktop,t.co
Mon Nov 03 2025 11:40:28 GMT+0000 (Coordinated Universal Time),poly.market/aadvark89,Malaysia,Desktop,(direct)
Mon Nov 03 2025 11:32:47 GMT+0000 (Coordinated Universal Time),poly.market/aadvark89,Malaysia,Desktop,(direct)
Mon Nov 03 2025 11:31:54 GMT+0000 (Coordinated Universal Time),poly.market/aadvark89,Singapore,Desktop,(direct)
Mon Nov 03 2025 10:37:37 GMT+0000 (Coordinated Universal Time),poly.market/aadvark89,France,Mobile,t.co
Mon Nov 03 2025 09:59:57 GMT+0000 (Coordinated Universal Time),poly.market/aadvark89,India,Mobile,t.co
Mon Nov 03 2025 08:38:09 GMT+0000 (Coordinated Universal Time),poly.market/aadvark89,India,Mobile,t.co
Mon Nov 03 2025 08:12:21 GMT+0000 (Coordinated Universal Time),poly.market/aadvark89,Portugal,Mobile,t.co
Mon Nov 03 2025 08:08:29 GMT+0000 (Coordinated Universal Time),poly.market/aadvark89,Vietnam,Desktop,t.co
Mon Nov 03 2025 08:04:57 GMT+0000 (Coordinated Universal Time),poly.market/aadvark89,Austria,Desktop,t.co
Mon Nov 03 2025 07:50:24 GMT+0000 (Coordinated Universal Time),poly.market/aadvark89,United Kingdom,Mobile,t.co
Mon Nov 03 2025 07:33:45 GMT+0000 (Coordinated Universal Time),poly.market/aadvark89,India,Desktop,t.co
Mon Nov 03 2025 06:52:28 GMT+0000 (Coordinated Universal Time),poly.market/aadvark89,India,Mobile,t.co
Mon Nov 03 2025 06:52:04 GMT+0000 (Coordinated Universal Time),poly.market/aadvark89,Ukraine,Mobile,t.co
Mon Nov 03 2025 06:45:31 GMT+0000 (Coordinated Universal Time),poly.market/aadvark89,United Kingdom,Mobile,t.co
Mon Nov 03 2025 06:25:44 GMT+0000 (Coordinated Universal Time),poly.market/aadvark89,India,Desktop,t.co
Mon Nov 03 2025 06:02:19 GMT+0000 (Coordinated Universal Time),poly.market/aadvark89,Thailand,Desktop,t.co
Mon Nov 03 2025 05:49:45 GMT+0000 (Coordinated Universal Time),poly.market/aadvark89,Singapore,Desktop,t.co
Mon Nov 03 2025 01:20:32 GMT+0000 (Coordinated Universal Time),poly.market/aadvark89,Brazil,Desktop,t.co
Mon Nov 03 2025 01:12:03 GMT+0000 (Coordinated Universal Time),poly.market/aadvark89,Malaysia,Desktop,t.co
Mon Nov 03 2025 00:42:11 GMT+0000 (Coordinated Universal Time),poly.market/aadvark89,Philippines,Mobile,t.co
Mon Nov 03 2025 00:41:02 GMT+0000 (Coordinated Universal Time),poly.market/aadvark89,Taiwan,Mobile,t.co
Sun Nov 02 2025 23:57:11 GMT+0000 (Coordinated Universal Time),poly.market/aadvark89,Slovakia,Mobile,t.co
Sun Nov 02 2025 23:29:56 GMT+0000 (Coordinated Universal Time),poly.market/aadvark89,Brazil,Desktop,t.co
Sun Nov 02 2025 23:22:26 GMT+0000 (Coordinated Universal Time),poly.market/aadvark89,Taiwan,Mobile,t.co
Sun Nov 02 2025 22:27:55 GMT+0000 (Coordinated Universal Time),poly.market/aadvark89,Ukraine,Desktop,t.co
Sun Nov 02 2025 21:41:17 GMT+0000 (Coordinated Universal Time),poly.market/aadvark89,Turkey,Mobile,t.co
Sun Nov 02 2025 21:30:17 GMT+0000 (Coordinated Universal Time),poly.market/aadvark89,Portugal,Desktop,t.co
Sun Nov 02 2025 21:27:37 GMT+0000 (Coordinated Universal Time),poly.market/aadvark89,France,Mobile,t.co
Sun Nov 02 2025 21:22:59 GMT+0000 (Coordinated Universal Time),poly.market/aadvark89,Japan,Mobile,t.co
Sun Nov 02 2025 21:15:46 GMT+0000 (Coordinated Universal Time),poly.market/aadvark89,Uzbekistan,Desktop,t.co
Sun Nov 02 2025 20:50:30 GMT+0000 (Coordinated Universal Time),poly.market/aadvark89,Nigeria,Mobile,t.co
Sun Nov 02 2025 20:27:12 GMT+0000 (Coordinated Universal Time),poly.market/aadvark89,India,Desktop,t.co
Sun Nov 02 2025 20:25:22 GMT+0000 (Coordinated Universal Time),poly.market/aadvark89,Pakistan,Mobile,t.co
Sun Nov 02 2025 19:48:53 GMT+0000 (Coordinated Universal Time),poly.market/aadvark89,Thailand,Mobile,t.co
Sun Nov 02 2025 19:34:54 GMT+0000 (Coordinated Universal Time),poly.market/aadvark89,Portugal,Desktop,(direct)
Sun Nov 02 2025 19:34:23 GMT+0000 (Coordinated Universal Time),poly.market/aadvark89,United States,Desktop,t.co
Sun Nov 02 2025 19:04:40 GMT+0000 (Coordinated Universal Time),poly.market/aadvark89,Indonesia,Mobile,t.co
Sun Nov 02 2025 18:33:53 GMT+0000 (Coordinated Universal Time),poly.market/aadvark89,Germany,Mobile,t.co
Sun Nov 02 2025 17:55:59 GMT+0000 (Coordinated Universal Time),poly.market/aadvark89,Greece,Desktop,t.co
Sun Nov 02 2025 17:45:48 GMT+0000 (Coordinated Universal Time),poly.market/aadvark89,Germany,Desktop,(direct)
Sun Nov 02 2025 17:45:38 GMT+0000 (Coordinated Universal Time),poly.market/aadvark89,India,Desktop,t.co
Sun Nov 02 2025 17:44:59 GMT+0000 (Coordinated Universal Time),poly.market/aadvark89,Thailand,Desktop,t.co
Sun Nov 02 2025 17:13:33 GMT+0000 (Coordinated Universal Time),poly.market/aadvark89,India,Desktop,t.co
Sun Nov 02 2025 17:10:05 GMT+0000 (Coordinated Universal Time),poly.market/aadvark89,United States,Mobile,t.co
Sun Nov 02 2025 13:16:35 GMT+0000 (Coordinated Universal Time),poly.market/aadvark89,India,Desktop,(direct)
Sun Nov 02 2025 07:04:43 GMT+0000 (Coordinated Universal Time),poly.market/aadvark89,India,Desktop,(direct)
Sat Nov 01 2025 10:03:45 GMT+0000 (Coordinated Universal Time),poly.market/aadvark89,Luxembourg,Mobile,t.co
Sat Nov 01 2025 05:56:08 GMT+0000 (Coordinated Universal Time),poly.market/aadvark89,India,Desktop,(direct)
Sat Nov 01 2025 04:25:26 GMT+0000 (Coordinated Universal Time),poly.market/aadvark89,India,Desktop,(direct)
Fri Oct 31 2025 13:53:03 GMT+0000 (Coordinated Universal Time),poly.market/aadvark89,India,Desktop,(direct)
Fri Oct 31 2025 12:31:01 GMT+0000 (Coordinated Universal Time),poly.market/aadvark89,Kenya,Desktop,t.co
Fri Oct 31 2025 09:49:20 GMT+0000 (Coordinated Universal Time),poly.market/aadvark89,India,Desktop,t.co
Thu Oct 30 2025 21:20:19 GMT+0000 (Coordinated Universal Time),poly.market/aadvark89,Germany,Desktop,t.co
Thu Oct 30 2025 17:31:08 GMT+0000 (Coordinated Universal Time),poly.market/aadvark89,Thailand,Mobile,t.co
Thu Oct 30 2025 17:04:07 GMT+0000 (Coordinated Universal Time),poly.market/aadvark89,United States,Desktop,t.co
Thu Oct 30 2025 15:43:12 GMT+0000 (Coordinated Universal Time),poly.market/aadvark89,Vietnam,Desktop,(direct)
Thu Oct 30 2025 11:48:59 GMT+0000 (Coordinated Universal Time),poly.market/aadvark89,India,Desktop,(direct)
Thu Oct 30 2025 11:19:02 GMT+0000 (Coordinated Universal Time),poly.market/aadvark89,Slovenia,Mobile,t.co
Thu Oct 30 2025 11:03:10 GMT+0000 (Coordinated Universal Time),poly.market/aadvark89,Spain,Desktop,(direct)
Thu Oct 30 2025 04:00:36 GMT+0000 (Coordinated Universal Time),poly.market/aadvark89,India,Mobile,t.co
Thu Oct 30 2025 03:52:46 GMT+0000 (Coordinated Universal Time),poly.market/aadvark89,Philippines,Mobile,(direct)
Thu Oct 30 2025 03:25:13 GMT+0000 (Coordinated Universal Time),poly.market/aadvark89,Togo,Mobile,(direct)
Thu Oct 30 2025 02:19:02 GMT+0000 (Coordinated Universal Time),poly.market/aadvark89,India,Desktop,(direct)
Thu Oct 30 2025 01:27:25 GMT+0000 (Coordinated Universal Time),poly.market/aadvark89,Turkey,Mobile,t.co
Thu Oct 30 2025 00:33:12 GMT+0000 (Coordinated Universal Time),poly.market/aadvark89,Netherlands,Desktop,(direct)
Thu Oct 30 2025 00:26:34 GMT+0000 (Coordinated Universal Time),poly.market/aadvark89,United Kingdom,Mobile,t.co
Wed Oct 29 2025 22:03:51 GMT+0000 (Coordinated Universal Time),poly.market/aadvark89,Togo,Mobile,(direct)
Wed Oct 29 2025 21:21:34 GMT+0000 (Coordinated Universal Time),poly.market/aadvark89,Spain,Desktop,(direct)
Wed Oct 29 2025 20:22:14 GMT+0000 (Coordinated Universal Time),poly.market/aadvark89,Indonesia,Mobile,t.co
Wed Oct 29 2025 19:51:44 GMT+0000 (Coordinated Universal Time),poly.market/aadvark89,Turkey,Mobile,t.co
Wed Oct 29 2025 19:30:49 GMT+0000 (Coordinated Universal Time),poly.market/aadvark89,India,Desktop,(direct)
Wed Oct 29 2025 19:16:53 GMT+0000 (Coordinated Universal Time),poly.market/aadvark89,Germany,Desktop,(direct)
Wed Oct 29 2025 18:20:08 GMT+0000 (Coordinated Universal Time),poly.market/aadvark89,India,Mobile,t.co
Wed Oct 29 2025 18:17:08 GMT+0000 (Coordinated Universal Time),poly.market/aadvark89,India,Desktop,t.co
Wed Oct 29 2025 17:53:00 GMT+0000 (Coordinated Universal Time),poly.market/aadvark89,Romania,Desktop,t.co
Wed Oct 29 2025 17:53:00 GMT+0000 (Coordinated Universal Time),poly.market/aadvark89,Romania,Desktop,t.co
Wed Oct 29 2025 17:48:50 GMT+0000 (Coordinated Universal Time),poly.market/aadvark89,Netherlands,Mobile,t.co
Wed Oct 29 2025 17:44:59 GMT+0000 (Coordinated Universal Time),poly.market/aadvark89,Spain,Desktop,t.co
Wed Oct 29 2025 17:44:56 GMT+0000 (Coordinated Universal Time),poly.market/aadvark89,India,Desktop,t.co
Wed Oct 29 2025 17:37:37 GMT+0000 (Coordinated Universal Time),poly.market/aadvark89,United States,Mobile,t.co
Wed Oct 29 2025 17:33:31 GMT+0000 (Coordinated Universal Time),poly.market/aadvark89,Vietnam,Mobile,(direct)
Wed Oct 29 2025 17:17:22 GMT+0000 (Coordinated Universal Time),poly.market/aadvark89,Nigeria,Desktop,t.co
Wed Oct 29 2025 17:16:28 GMT+0000 (Coordinated Universal Time),poly.market/aadvark89,Greece,Mobile,t.co
Wed Oct 29 2025 17:15:37 GMT+0000 (Coordinated Universal Time),poly.market/aadvark89,United Kingdom,Desktop,t.co
Wed Oct 29 2025 16:58:05 GMT+0000 (Coordinated Universal Time),poly.market/aadvark89,India,Desktop,t.co
Wed Oct 29 2025 14:51:42 GMT+0000 (Coordinated Universal Time),poly.market/aadvark89,Vietnam,Desktop,(direct)
Wed Oct 29 2025 13:37:55 GMT+0000 (Coordinated Universal Time),poly.market/aadvark89,Togo,Mobile,(direct)
Wed Oct 29 2025 13:07:02 GMT+0000 (Coordinated Universal Time),poly.market/aadvark89,Philippines,Mobile,(direct)
Wed Oct 29 2025 12:41:00 GMT+0000 (Coordinated Universal Time),poly.market/aadvark89,Vietnam,Desktop,(direct)
Wed Oct 29 2025 11:43:36 GMT+0000 (Coordinated Universal Time),poly.market/aadvark89,India,Mobile,t.co
Wed Oct 29 2025 11:37:26 GMT+0000 (Coordinated Universal Time),poly.market/aadvark89,Vietnam,Desktop,(direct)
Wed Oct 29 2025 10:25:58 GMT+0000 (Coordinated Universal Time),poly.market/aadvark89,Russia,Desktop,t.co
Wed Oct 29 2025 09:52:22 GMT+0000 (Coordinated Universal Time),poly.market/aadvark89,Togo,Mobile,(direct)
Wed Oct 29 2025 09:51:14 GMT+0000 (Coordinated Universal Time),poly.market/aadvark89,Malaysia,Desktop,t.co
Wed Oct 29 2025 07:16:12 GMT+0000 (Coordinated Universal Time),poly.market/aadvark89,Vietnam,Mobile,(direct)
Wed Oct 29 2025 07:14:28 GMT+0000 (Coordinated Universal Time),poly.market/aadvark89,Vietnam,Desktop,(direct)
Wed Oct 29 2025 05:59:06 GMT+0000 (Coordinated Universal Time),poly.market/aadvark89,India,Desktop,(direct)
Wed Oct 29 2025 05:54:09 GMT+0000 (Coordinated Universal Time),poly.market/aadvark89,Thailand,Mobile,t.co
Wed Oct 29 2025 05:40:59 GMT+0000 (Coordinated Universal Time),poly.market/aadvark89,Vietnam,Desktop,t.co
Wed Oct 29 2025 05:38:16 GMT+0000 (Coordinated Universal Time),poly.market/aadvark89,India,Mobile,t.co
Wed Oct 29 2025 05:35:31 GMT+0000 (Coordinated Universal Time),poly.market/aadvark89,India,Desktop,t.co
Wed Oct 29 2025 04:11:24 GMT+0000 (Coordinated Universal Time),poly.market/aadvark89,India,Desktop,(direct)
Wed Oct 29 2025 02:24:19 GMT+0000 (Coordinated Universal Time),poly.market/aadvark89,Togo,Mobile,(direct)
Wed Oct 29 2025 01:27:45 GMT+0000 (Coordinated Universal Time),poly.market/aadvark89,Vietnam,Desktop,(direct)
Tue Oct 28 2025 22:54:48 GMT+0000 (Coordinated Universal Time),poly.market/aadvark89,United States,Mobile,t.co
Tue Oct 28 2025 21:59:20 GMT+0000 (Coordinated Universal Time),poly.market/aadvark89,Germany,Desktop,(direct)
Tue Oct 28 2025 19:37:14 GMT+0000 (Coordinated Universal Time),poly.market/aadvark89,Togo,Mobile,(direct)
Tue Oct 28 2025 19:01:52 GMT+0000 (Coordinated Universal Time),poly.market/aadvark89,India,Mobile,t.co
Tue Oct 28 2025 18:57:43 GMT+0000 (Coordinated Universal Time),poly.market/aadvark89,India,Mobile,t.co
Tue Oct 28 2025 18:57:01 GMT+0000 (Coordinated Universal Time),poly.market/aadvark89,Switzerland,Mobile,t.co
Tue Oct 28 2025 18:48:45 GMT+0000 (Coordinated Universal Time),poly.market/aadvark89,India,Mobile,t.co
Tue Oct 28 2025 18:46:06 GMT+0000 (Coordinated Universal Time),poly.market/aadvark89,Nigeria,Mobile,(direct)
Tue Oct 28 2025 18:45:38 GMT+0000 (Coordinated Universal Time),poly.market/aadvark89,Nigeria,Mobile,t.co
Tue Oct 28 2025 18:28:02 GMT+0000 (Coordinated Universal Time),poly.market/aadvark89,Germany,Desktop,t.co
Tue Oct 28 2025 17:41:48 GMT+0000 (Coordinated Universal Time),poly.market/aadvark89,Romania,Mobile,t.co
Tue Oct 28 2025 16:53:28 GMT+0000 (Coordinated Universal Time),poly.market/aadvark89,France,Desktop,t.co
Tue Oct 28 2025 16:50:37 GMT+0000 (Coordinated Universal Time),poly.market/aadvark89,Netherlands,Mobile,t.co
Tue Oct 28 2025 16:31:51 GMT+0000 (Coordinated Universal Time),poly.market/aadvark89,Thailand,Desktop,(direct)
Tue Oct 28 2025 16:04:34 GMT+0000 (Coordinated Universal Time),poly.market/aadvark89,United Kingdom,Mobile,t.co
Tue Oct 28 2025 14:27:38 GMT+0000 (Coordinated Universal Time),poly.market/aadvark89,Malaysia,Mobile,t.co
Tue Oct 28 2025 14:25:44 GMT+0000 (Coordinated Universal Time),poly.market/aadvark89,Togo,Mobile,(direct)
Tue Oct 28 2025 13:47:06 GMT+0000 (Coordinated Universal Time),poly.market/aadvark89,Greece,Desktop,t.co
Tue Oct 28 2025 13:43:30 GMT+0000 (Coordinated Universal Time),poly.market/aadvark89,Portugal,Desktop,t.co
Tue Oct 28 2025 13:24:52 GMT+0000 (Coordinated Universal Time),poly.market/aadvark89,Thailand,Desktop,(direct)
Tue Oct 28 2025 13:21:18 GMT+0000 (Coordinated Universal Time),poly.market/aadvark89,United Kingdom,Mobile,t.co
Tue Oct 28 2025 13:21:06 GMT+0000 (Coordinated Universal Time),poly.market/aadvark89,United Kingdom,Mobile,t.co
Tue Oct 28 2025 12:56:38 GMT+0000 (Coordinated Universal Time),poly.market/aadvark89,Turkey,Desktop,(direct)
Tue Oct 28 2025 12:51:55 GMT+0000 (Coordinated Universal Time),poly.market/aadvark89,India,Desktop,t.co
Tue Oct 28 2025 12:51:53 GMT+0000 (Coordinated Universal Time),poly.market/aadvark89,Germany,Desktop,t.co
Tue Oct 28 2025 12:48:33 GMT+0000 (Coordinated Universal Time),poly.market/aadvark89,Poland,Desktop,t.co
Tue Oct 28 2025 12:22:40 GMT+0000 (Coordinated Universal Time),poly.market/aadvark89,Greece,Mobile,t.co
Tue Oct 28 2025 12:19:57 GMT+0000 (Coordinated Universal Time),poly.market/aadvark89,India,Desktop,t.co
Tue Oct 28 2025 12:11:22 GMT+0000 (Coordinated Universal Time),poly.market/aadvark89,Vietnam,Mobile,t.co
Tue Oct 28 2025 12:08:30 GMT+0000 (Coordinated Universal Time),poly.market/aadvark89,Philippines,Mobile,(direct)
Tue Oct 28 2025 12:06:59 GMT+0000 (Coordinated Universal Time),poly.market/aadvark89,Philippines,Mobile,t.co
Tue Oct 28 2025 11:55:06 GMT+0000 (Coordinated Universal Time),poly.market/aadvark89,Turkey,Desktop,t.co
Tue Oct 28 2025 11:52:51 GMT+0000 (Coordinated Universal Time),poly.market/aadvark89,Russia,Desktop,t.co
Tue Oct 28 2025 11:49:31 GMT+0000 (Coordinated Universal Time),poly.market/aadvark89,Germany,Mobile,(direct)
Tue Oct 28 2025 11:48:26 GMT+0000 (Coordinated Universal Time),poly.market/aadvark89,Vietnam,Desktop,t.co
Tue Oct 28 2025 11:47:06 GMT+0000 (Coordinated Universal Time),poly.market/aadvark89,Nigeria,Mobile,t.co
Tue Oct 28 2025 11:46:59 GMT+0000 (Coordinated Universal Time),poly.market/aadvark89,Netherlands,Desktop,t.co
Tue Oct 28 2025 09:47:07 GMT+0000 (Coordinated Universal Time),poly.market/aadvark89,Turkey,Desktop,(direct)
Tue Oct 28 2025 05:36:24 GMT+0000 (Coordinated Universal Time),poly.market/aadvark89,United States,Mobile,(direct)
Tue Oct 28 2025 04:53:56 GMT+0000 (Coordinated Universal Time),poly.market/aadvark89,India,Desktop,(direct)
Tue Oct 28 2025 04:47:55 GMT+0000 (Coordinated Universal Time),poly.market/aadvark89,Togo,Mobile,(direct)
Tue Oct 28 2025 02:18:56 GMT+0000 (Coordinated Universal Time),poly.market/aadvark89,United States,Mobile,(direct)
Tue Oct 28 2025 00:11:44 GMT+0000 (Coordinated Universal Time),poly.market/aadvark89,Norway,Desktop,(direct)
Tue Oct 28 2025 00:06:56 GMT+0000 (Coordinated Universal Time),poly.market/aadvark89,United States,Desktop,t.co
Mon Oct 27 2025 20:08:40 GMT+0000 (Coordinated Universal Time),poly.market/aadvark89,Ukraine,Desktop,polymarket.com
Mon Oct 27 2025 19:43:58 GMT+0000 (Coordinated Universal Time),poly.market/aadvark89,Turkey,Desktop,t.co
Mon Oct 27 2025 19:35:21 GMT+0000 (Coordinated Universal Time),poly.market/aadvark89,Turkey,Desktop,(direct)
Mon Oct 27 2025 18:46:44 GMT+0000 (Coordinated Universal Time),poly.market/aadvark89,India,Desktop,t.co
Mon Oct 27 2025 16:39:14 GMT+0000 (Coordinated Universal Time),poly.market/aadvark89,France,Mobile,t.co
Mon Oct 27 2025 16:20:09 GMT+0000 (Coordinated Universal Time),poly.market/aadvark89,Poland,Desktop,t.co
Mon Oct 27 2025 15:52:27 GMT+0000 (Coordinated Universal Time),poly.market/aadvark89,Togo,Mobile,(direct)
Mon Oct 27 2025 15:12:34 GMT+0000 (Coordinated Universal Time),poly.market/aadvark89,Japan,Mobile,t.co
Mon Oct 27 2025 14:34:59 GMT+0000 (Coordinated Universal Time),poly.market/aadvark89,Philippines,Desktop,t.co
Mon Oct 27 2025 14:24:15 GMT+0000 (Coordinated Universal Time),poly.market/aadvark89,Turkey,Mobile,t.co
Mon Oct 27 2025 14:23:28 GMT+0000 (Coordinated Universal Time),poly.market/aadvark89,Ukraine,Desktop,(direct)
Mon Oct 27 2025 14:17:25 GMT+0000 (Coordinated Universal Time),poly.market/aadvark89,India,Mobile,t.co
Mon Oct 27 2025 13:38:27 GMT+0000 (Coordinated Universal Time),poly.market/aadvark89,Hong Kong,Mobile,t.co
Mon Oct 27 2025 10:36:03 GMT+0000 (Coordinated Universal Time),poly.market/aadvark89,Spain,Mobile,t.co
Mon Oct 27 2025 10:23:25 GMT+0000 (Coordinated Universal Time),poly.market/aadvark89,Netherlands,Mobile,t.co
Mon Oct 27 2025 09:41:41 GMT+0000 (Coordinated Universal Time),poly.market/aadvark89,Austria,Mobile,t.co
Mon Oct 27 2025 08:57:57 GMT+0000 (Coordinated Universal Time),poly.market/aadvark89,Vietnam,Mobile,t.co
Mon Oct 27 2025 07:12:21 GMT+0000 (Coordinated Universal Time),poly.market/aadvark89,Netherlands,Desktop,t.co
Mon Oct 27 2025 06:33:46 GMT+0000 (Coordinated Universal Time),poly.market/aadvark89,Germany,Mobile,t.co
Mon Oct 27 2025 06:22:12 GMT+0000 (Coordinated Universal Time),poly.market/aadvark89,Vietnam,Mobile,t.co
Mon Oct 27 2025 05:54:43 GMT+0000 (Coordinated Universal Time),poly.market/aadvark89,India,Desktop,t.co
Mon Oct 27 2025 05:19:42 GMT+0000 (Coordinated Universal Time),poly.market/aadvark89,United States,Desktop,(direct)
Mon Oct 27 2025 04:36:19 GMT+0000 (Coordinated Universal Time),poly.market/aadvark89,Japan,Mobile,t.co
Mon Oct 27 2025 03:42:06 GMT+0000 (Coordinated Universal Time),poly.market/aadvark89,India,Mobile,t.co
Mon Oct 27 2025 03:37:56 GMT+0000 (Coordinated Universal Time),poly.market/aadvark89,India,Desktop,(direct)
Mon Oct 27 2025 03:07:40 GMT+0000 (Coordinated Universal Time),poly.market/aadvark89,Argentina,Mobile,t.co
Mon Oct 27 2025 03:04:13 GMT+0000 (Coordinated Universal Time),poly.market/aadvark89,Philippines,Mobile,t.co
Mon Oct 27 2025 02:31:23 GMT+0000 (Coordinated Universal Time),poly.market/aadvark89,South Korea,Desktop,t.co
Mon Oct 27 2025 02:26:52 GMT+0000 (Coordinated Universal Time),poly.market/aadvark89,India,Desktop,t.co
Mon Oct 27 2025 02:04:49 GMT+0000 (Coordinated Universal Time),poly.market/aadvark89,Turkey,Mobile,t.co
Mon Oct 27 2025 01:24:32 GMT+0000 (Coordinated Universal Time),poly.market/aadvark89,Vietnam,Mobile,t.co
Mon Oct 27 2025 01:14:14 GMT+0000 (Coordinated Universal Time),poly.market/aadvark89,Turkey,Mobile,t.co
Sun Oct 26 2025 23:31:08 GMT+0000 (Coordinated Universal Time),poly.market/aadvark89,Mexico,Mobile,t.co
Sun Oct 26 2025 23:27:09 GMT+0000 (Coordinated Universal Time),poly.market/aadvark89,Indonesia,Mobile,t.co
Sun Oct 26 2025 23:07:33 GMT+0000 (Coordinated Universal Time),poly.market/aadvark89,France,Mobile,t.co
Sun Oct 26 2025 22:52:03 GMT+0000 (Coordinated Universal Time),poly.market/aadvark89,Kazakhstan,Mobile,t.co
Sun Oct 26 2025 22:51:24 GMT+0000 (Coordinated Universal Time),poly.market/aadvark89,Ukraine,Mobile,t.co
Sun Oct 26 2025 22:43:53 GMT+0000 (Coordinated Universal Time),poly.market/aadvark89,Nigeria,Desktop,t.co
Sun Oct 26 2025 22:23:26 GMT+0000 (Coordinated Universal Time),poly.market/aadvark89,Ireland,Mobile,t.co
Sun Oct 26 2025 22:01:23 GMT+0000 (Coordinated Universal Time),poly.market/aadvark89,Croatia,Desktop,t.co
Sun Oct 26 2025 21:49:18 GMT+0000 (Coordinated Universal Time),poly.market/aadvark89,France,Mobile,t.co
Sun Oct 26 2025 21:44:07 GMT+0000 (Coordinated Universal Time),poly.market/aadvark89,Togo,Mobile,t.co
Sun Oct 26 2025 21:42:43 GMT+0000 (Coordinated Universal Time),poly.market/aadvark89,Greece,Mobile,t.co
Sun Oct 26 2025 21:14:20 GMT+0000 (Coordinated Universal Time),poly.market/aadvark89,France,Mobile,t.co
Sun Oct 26 2025 21:13:32 GMT+0000 (Coordinated Universal Time),poly.market/aadvark89,India,Mobile,t.co
Sun Oct 26 2025 20:57:53 GMT+0000 (Coordinated Universal Time),poly.market/aadvark89,Norway,Desktop,t.co
Sun Oct 26 2025 20:54:23 GMT+0000 (Coordinated Universal Time),poly.market/aadvark89,Spain,Mobile,t.co
Sun Oct 26 2025 20:30:01 GMT+0000 (Coordinated Universal Time),poly.market/aadvark89,Austria,Mobile,t.co
Sun Oct 26 2025 20:13:49 GMT+0000 (Coordinated Universal Time),poly.market/aadvark89,Ukraine,Mobile,t.co
Sun Oct 26 2025 19:35:14 GMT+0000 (Coordinated Universal Time),poly.market/aadvark89,Indonesia,Desktop,t.co
Sun Oct 26 2025 19:35:01 GMT+0000 (Coordinated Universal Time),poly.market/aadvark89,Pakistan,Mobile,t.co
Sun Oct 26 2025 19:07:10 GMT+0000 (Coordinated Universal Time),poly.market/aadvark89,Ukraine,Mobile,t.co
Sun Oct 26 2025 19:06:53 GMT+0000 (Coordinated Universal Time),poly.market/aadvark89,India,Mobile,t.co
Sun Oct 26 2025 18:49:21 GMT+0000 (Coordinated Universal Time),poly.market/aadvark89,India,Desktop,t.co
Sun Oct 26 2025 18:34:32 GMT+0000 (Coordinated Universal Time),poly.market/aadvark89,India,Mobile,t.co
Sun Oct 26 2025 18:28:44 GMT+0000 (Coordinated Universal Time),poly.market/aadvark89,India,Desktop,(direct)
Sun Oct 26 2025 18:28:26 GMT+0000 (Coordinated Universal Time),poly.market/aadvark89,India,Mobile,(direct)
Sun Oct 26 2025 18:28:19 GMT+0000 (Coordinated Universal Time),poly.market/aadvark89,India,Mobile,t.co
Sun Oct 26 2025 18:24:57 GMT+0000 (Coordinated Universal Time),poly.market/aadvark89,Germany,Desktop,t.co
Sun Oct 26 2025 18:20:12 GMT+0000 (Coordinated Universal Time),poly.market/aadvark89,Germany,Desktop,t.co
Sun Oct 26 2025 18:19:03 GMT+0000 (Coordinated Universal Time),poly.market/aadvark89,United States,Mobile,t.co
Sun Oct 26 2025 18:10:17 GMT+0000 (Coordinated Universal Time),poly.market/aadvark89,Finland,Mobile,t.co
Sun Oct 26 2025 18:07:06 GMT+0000 (Coordinated Universal Time),poly.market/aadvark89,Turkey,Desktop,(direct)
Sun Oct 26 2025 18:00:44 GMT+0000 (Coordinated Universal Time),poly.market/aadvark89,United States,Mobile,t.co
Sun Oct 26 2025 17:56:27 GMT+0000 (Coordinated Universal Time),poly.market/aadvark89,India,Desktop,t.co
Sun Oct 26 2025 17:55:46 GMT+0000 (Coordinated Universal Time),poly.market/aadvark89,United States,Mobile,t.co
Sun Oct 26 2025 17:44:39 GMT+0000 (Coordinated Universal Time),poly.market/aadvark89,Germany,Desktop,t.co
Sun Oct 26 2025 17:37:14 GMT+0000 (Coordinated Universal Time),poly.market/aadvark89,France,Desktop,t.co
Sun Oct 26 2025 17:25:53 GMT+0000 (Coordinated Universal Time),poly.market/aadvark89,Argentina,Mobile,(direct)
Sun Oct 26 2025 17:04:15 GMT+0000 (Coordinated Universal Time),poly.market/aadvark89,India,Mobile,t.co
Sun Oct 26 2025 17:04:14 GMT+0000 (Coordinated Universal Time),poly.market/aadvark89,Italy,Mobile,t.co
Sun Oct 26 2025 16:50:17 GMT+0000 (Coordinated Universal Time),poly.market/aadvark89,Greece,Mobile,t.co
Sun Oct 26 2025 16:45:54 GMT+0000 (Coordinated Universal Time),poly.market/aadvark89,United States,Mobile,t.co
Sun Oct 26 2025 16:44:18 GMT+0000 (Coordinated Universal Time),poly.market/aadvark89,United States,Desktop,(direct)
Sun Oct 26 2025 16:27:18 GMT+0000 (Coordinated Universal Time),poly.market/aadvark89,India,Desktop,(direct)
Sun Oct 26 2025 16:18:39 GMT+0000 (Coordinated Universal Time),poly.market/aadvark89,Argentina,Mobile,(direct)
Sun Oct 26 2025 16:17:08 GMT+0000 (Coordinated Universal Time),poly.market/aadvark89,Serbia,Mobile,t.co
Sun Oct 26 2025 16:15:16 GMT+0000 (Coordinated Universal Time),poly.market/aadvark89,India,Mobile,(direct)
Sun Oct 26 2025 16:11:27 GMT+0000 (Coordinated Universal Time),poly.market/aadvark89,Argentina,Mobile,(direct)
Sun Oct 26 2025 16:11:19 GMT+0000 (Coordinated Universal Time),poly.market/aadvark89,United States,Desktop,(direct)
Sun Oct 26 2025 16:09:02 GMT+0000 (Coordinated Universal Time),poly.market/aadvark89,Indonesia,Mobile,t.co
Sun Oct 26 2025 16:06:21 GMT+0000 (Coordinated Universal Time),poly.market/aadvark89,India,Mobile,(direct)
Sun Oct 26 2025 15:50:55 GMT+0000 (Coordinated Universal Time),poly.market/aadvark89,United States,Desktop,(direct)
Sun Oct 26 2025 15:49:43 GMT+0000 (Coordinated Universal Time),poly.market/aadvark89,Netherlands,Desktop,t.co
Sun Oct 26 2025 15:47:56 GMT+0000 (Coordinated Universal Time),poly.market/aadvark89,Netherlands,Desktop,t.co
Sun Oct 26 2025 15:44:56 GMT+0000 (Coordinated Universal Time),poly.market/aadvark89,Indonesia,Mobile,t.co
Sun Oct 26 2025 15:39:59 GMT+0000 (Coordinated Universal Time),poly.market/aadvark89,Thailand,Desktop,t.co
Sun Oct 26 2025 15:39:43 GMT+0000 (Coordinated Universal Time),poly.market/aadvark89,Argentina,Desktop,t.co
Sun Oct 26 2025 15:38:20 GMT+0000 (Coordinated Universal Time),poly.market/aadvark89,Canada,Desktop,t.co
Sun Oct 26 2025 15:33:36 GMT+0000 (Coordinated Universal Time),poly.market/aadvark89,Brazil,Desktop,t.co
Sun Oct 26 2025 15:33:10 GMT+0000 (Coordinated Universal Time),poly.market/aadvark89,Turkey,Desktop,t.co
Sun Oct 26 2025 15:32:12 GMT+0000 (Coordinated Universal Time),poly.market/aadvark89,Argentina,Desktop,t.co
Sun Oct 26 2025 15:29:40 GMT+0000 (Coordinated Universal Time),poly.market/aadvark89,Argentina,Mobile,(direct)
Sun Oct 26 2025 15:29:28 GMT+0000 (Coordinated Universal Time),poly.market/aadvark89,Argentina,Mobile,(direct)
Sun Oct 26 2025 15:29:27 GMT+0000 (Coordinated Universal Time),poly.market/aadvark89,United States,Mobile,t.co
Sun Oct 26 2025 15:27:32 GMT+0000 (Coordinated Universal Time),poly.market/aadvark89,Indonesia,Desktop,t.co
Sun Oct 26 2025 15:27:18 GMT+0000 (Coordinated Universal Time),poly.market/aadvark89,Argentina,Mobile,t.co
Sun Oct 26 2025 15:23:20 GMT+0000 (Coordinated Universal Time),poly.market/aadvark89,India,Desktop,(direct)
Sun Oct 26 2025 15:22:37 GMT+0000 (Coordinated Universal Time),poly.market/aadvark89,Malaysia,Mobile,t.co
Sun Oct 26 2025 15:16:40 GMT+0000 (Coordinated Universal Time),poly.market/aadvark89,Indonesia,Mobile,t.co
Sun Oct 26 2025 15:16:38 GMT+0000 (Coordinated Universal Time),poly.market/aadvark89,India,Mobile,(direct)
Sun Oct 26 2025 15:14:17 GMT+0000 (Coordinated Universal Time),poly.market/aadvark89,Brazil,Desktop,(direct)
Sun Oct 26 2025 15:12:43 GMT+0000 (Coordinated Universal Time),poly.market/aadvark89,India,Mobile,(direct)
Sun Oct 26 2025 15:11:18 GMT+0000 (Coordinated Universal Time),poly.market/aadvark89,Turkey,Desktop,t.co
Sun Oct 26 2025 15:04:15 GMT+0000 (Coordinated Universal Time),poly.market/aadvark89,France,Desktop,t.co
Sun Oct 26 2025 15:03:13 GMT+0000 (Coordinated Universal Time),poly.market/aadvark89,Vietnam,Desktop,t.co
Sun Oct 26 2025 14:57:34 GMT+0000 (Coordinated Universal Time),poly.market/aadvark89,Philippines,Mobile,t.co
Sun Oct 26 2025 14:57:28 GMT+0000 (Coordinated Universal Time),poly.market/aadvark89,Australia,Mobile,(direct)
Sun Oct 26 2025 14:33:36 GMT+0000 (Coordinated Universal Time),poly.market/aadvark89,Turkey,Mobile,t.co
Sun Oct 26 2025 14:30:50 GMT+0000 (Coordinated Universal Time),poly.market/aadvark89,Indonesia,Desktop,(direct)
Sun Oct 26 2025 14:24:36 GMT+0000 (Coordinated Universal Time),poly.market/aadvark89,Vietnam,Desktop,t.co
Sun Oct 26 2025 14:23:48 GMT+0000 (Coordinated Universal Time),poly.market/aadvark89,Georgia,Desktop,t.co
Sun Oct 26 2025 14:23:08 GMT+0000 (Coordinated Universal Time),poly.market/aadvark89,France,Mobile,t.co
Sun Oct 26 2025 14:20:32 GMT+0000 (Coordinated Universal Time),poly.market/aadvark89,India,Desktop,t.co
Sun Oct 26 2025 14:20:02 GMT+0000 (Coordinated Universal Time),poly.market/aadvark89,India,Desktop,(direct)
Sun Oct 26 2025 14:15:20 GMT+0000 (Coordinated Universal Time),poly.market/aadvark89,United States,Desktop,t.co
Sun Oct 26 2025 13:56:04 GMT+0000 (Coordinated Universal Time),poly.market/aadvark89,India,Mobile,t.co
Sun Oct 26 2025 13:54:37 GMT+0000 (Coordinated Universal Time),poly.market/aadvark89,Netherlands,Desktop,t.co
Sun Oct 26 2025 13:52:41 GMT+0000 (Coordinated Universal Time),poly.market/aadvark89,India,Mobile,t.co
Sun Oct 26 2025 13:52:33 GMT+0000 (Coordinated Universal Time),poly.market/aadvark89,India,Mobile,t.co
Sun Oct 26 2025 13:49:40 GMT+0000 (Coordinated Universal Time),poly.market/aadvark89,Netherlands,Desktop,t.co
Sun Oct 26 2025 13:45:25 GMT+0000 (Coordinated Universal Time),poly.market/aadvark89,United States,Mobile,t.co
Sun Oct 26 2025 13:44:56 GMT+0000 (Coordinated Universal Time),poly.market/aadvark89,Australia,Mobile,(direct)
Sun Oct 26 2025 13:43:16 GMT+0000 (Coordinated Universal Time),poly.market/aadvark89,Bangladesh,Mobile,t.co
Sun Oct 26 2025 13:41:50 GMT+0000 (Coordinated Universal Time),poly.market/aadvark89,United Arab Emirates,Mobile,t.co
Sun Oct 26 2025 13:41:15 GMT+0000 (Coordinated Universal Time),poly.market/aadvark89,India,Mobile,t.co
Sun Oct 26 2025 13:38:25 GMT+0000 (Coordinated Universal Time),poly.market/aadvark89,Japan,Mobile,t.co
Sun Oct 26 2025 13:38:02 GMT+0000 (Coordinated Universal Time),poly.market/aadvark89,Poland,Mobile,t.co
Sun Oct 26 2025 13:34:47 GMT+0000 (Coordinated Universal Time),poly.market/aadvark89,Turkey,Mobile,t.co
Sun Oct 26 2025 13:33:05 GMT+0000 (Coordinated Universal Time),poly.market/aadvark89,Indonesia,Mobile,t.co
Sun Oct 26 2025 13:26:56 GMT+0000 (Coordinated Universal Time),poly.market/aadvark89,Germany,Mobile,t.co
Sun Oct 26 2025 13:24:31 GMT+0000 (Coordinated Universal Time),poly.market/aadvark89,India,Desktop,t.co
Sun Oct 26 2025 13:21:28 GMT+0000 (Coordinated Universal Time),poly.market/aadvark89,India,Mobile,t.co
Sun Oct 26 2025 13:21:20 GMT+0000 (Coordinated Universal Time),poly.market/aadvark89,South Korea,Mobile,t.co
Sun Oct 26 2025 13:20:49 GMT+0000 (Coordinated Universal Time),poly.market/aadvark89,France,Mobile,t.co
Sun Oct 26 2025 13:20:38 GMT+0000 (Coordinated Universal Time),poly.market/aadvark89,Japan,Mobile,t.co
Sun Oct 26 2025 13:08:59 GMT+0000 (Coordinated Universal Time),poly.market/aadvark89,Hong Kong,Mobile,(direct)
Sun Oct 26 2025 13:02:29 GMT+0000 (Coordinated Universal Time),poly.market/aadvark89,Indonesia,Mobile,t.co
Sun Oct 26 2025 12:44:15 GMT+0000 (Coordinated Universal Time),poly.market/aadvark89,Poland,Mobile,t.co
Sun Oct 26 2025 12:33:02 GMT+0000 (Coordinated Universal Time),poly.market/aadvark89,Netherlands,Desktop,t.co
Sun Oct 26 2025 12:32:16 GMT+0000 (Coordinated Universal Time),poly.market/aadvark89,Philippines,Mobile,(direct)
Sun Oct 26 2025 12:29:28 GMT+0000 (Coordinated Universal Time),poly.market/aadvark89,Philippines,Mobile,t.co
Sun Oct 26 2025 12:28:56 GMT+0000 (Coordinated Universal Time),poly.market/aadvark89,Philippines,Desktop,t.co
Sun Oct 26 2025 12:20:55 GMT+0000 (Coordinated Universal Time),poly.market/aadvark89,Spain,Mobile,t.co
Sun Oct 26 2025 12:20:53 GMT+0000 (Coordinated Universal Time),poly.market/aadvark89,Philippines,Mobile,t.co
Sun Oct 26 2025 12:19:40 GMT+0000 (Coordinated Universal Time),poly.market/aadvark89,Singapore,Desktop,t.co
Sun Oct 26 2025 12:19:35 GMT+0000 (Coordinated Universal Time),poly.market/aadvark89,Estonia,Mobile,t.co
Sun Oct 26 2025 12:16:17 GMT+0000 (Coordinated Universal Time),poly.market/aadvark89,Greece,Mobile,t.co
Sun Oct 26 2025 12:06:54 GMT+0000 (Coordinated Universal Time),poly.market/aadvark89,United States,Mobile,t.co
Sun Oct 26 2025 12:06:52 GMT+0000 (Coordinated Universal Time),poly.market/aadvark89,Spain,Desktop,t.co
Sun Oct 26 2025 12:06:02 GMT+0000 (Coordinated Universal Time),poly.market/aadvark89,Thailand,Desktop,t.co
Sun Oct 26 2025 12:03:42 GMT+0000 (Coordinated Universal Time),poly.market/aadvark89,Indonesia,Desktop,t.co
Sun Oct 26 2025 12:01:41 GMT+0000 (Coordinated Universal Time),poly.market/aadvark89,Singapore,Mobile,t.co
Sun Oct 26 2025 12:00:52 GMT+0000 (Coordinated Universal Time),poly.market/aadvark89,Netherlands,Mobile,t.co
Sun Oct 26 2025 11:55:16 GMT+0000 (Coordinated Universal Time),poly.market/aadvark89,Germany,Mobile,t.co
Sun Oct 26 2025 11:55:06 GMT+0000 (Coordinated Universal Time),poly.market/aadvark89,Italy,Mobile,t.co
Sun Oct 26 2025 11:53:33 GMT+0000 (Coordinated Universal Time),poly.market/aadvark89,Germany,Desktop,t.co
Sun Oct 26 2025 11:47:27 GMT+0000 (Coordinated Universal Time),poly.market/aadvark89,Vietnam,Desktop,t.co
Sun Oct 26 2025 11:46:16 GMT+0000 (Coordinated Universal Time),poly.market/aadvark89,Turkey,Mobile,t.co
Sun Oct 26 2025 11:43:40 GMT+0000 (Coordinated Universal Time),poly.market/aadvark89,Spain,Mobile,t.co
Sun Oct 26 2025 11:43:01 GMT+0000 (Coordinated Universal Time),poly.market/aadvark89,Turkey,Desktop,t.co
Sun Oct 26 2025 11:42:41 GMT+0000 (Coordinated Universal Time),poly.market/aadvark89,United Kingdom,Desktop,t.co
Sun Oct 26 2025 11:39:21 GMT+0000 (Coordinated Universal Time),poly.market/aadvark89,Turkey,Mobile,t.co
Sun Oct 26 2025 11:34:26 GMT+0000 (Coordinated Universal Time),poly.market/aadvark89,Australia,Mobile,t.co
Sun Oct 26 2025 11:31:25 GMT+0000 (Coordinated Universal Time),poly.market/aadvark89,Japan,Mobile,t.co
Sun Oct 26 2025 11:28:54 GMT+0000 (Coordinated Universal Time),poly.market/aadvark89,Bangladesh,Mobile,t.co
Sun Oct 26 2025 11:25:58 GMT+0000 (Coordinated Universal Time),poly.market/aadvark89,Nigeria,Desktop,t.co
Sun Oct 26 2025 11:25:32 GMT+0000 (Coordinated Universal Time),poly.market/aadvark89,Indonesia,Mobile,t.co
Sun Oct 26 2025 11:21:10 GMT+0000 (Coordinated Universal Time),poly.market/aadvark89,India,Desktop,(direct)
Sun Oct 26 2025 11:20:49 GMT+0000 (Coordinated Universal Time),poly.market/aadvark89,Austria,Mobile,t.co
Sun Oct 26 2025 11:19:34 GMT+0000 (Coordinated Universal Time),poly.market/aadvark89,Thailand,Mobile,t.co
Sun Oct 26 2025 11:16:54 GMT+0000 (Coordinated Universal Time),poly.market/aadvark89,Japan,Desktop,t.co
Sun Oct 26 2025 11:13:50 GMT+0000 (Coordinated Universal Time),poly.market/aadvark89,India,Mobile,t.co
Sun Oct 26 2025 11:12:07 GMT+0000 (Coordinated Universal Time),poly.market/aadvark89,Indonesia,Mobile,t.co
Sun Oct 26 2025 11:11:39 GMT+0000 (Coordinated Universal Time),poly.market/aadvark89,Australia,Mobile,t.co
Sun Oct 26 2025 11:06:37 GMT+0000 (Coordinated Universal Time),poly.market/aadvark89,Canada,Mobile,t.co
Sun Oct 26 2025 11:06:16 GMT+0000 (Coordinated Universal Time),poly.market/aadvark89,France,Desktop,t.co
Sun Oct 26 2025 11:01:23 GMT+0000 (Coordinated Universal Time),poly.market/aadvark89,Thailand,Mobile,t.co
Sun Oct 26 2025 10:58:11 GMT+0000 (Coordinated Universal Time),poly.market/aadvark89,France,Desktop,t.co
Sun Oct 26 2025 10:55:24 GMT+0000 (Coordinated Universal Time),poly.market/aadvark89,United Kingdom,Mobile,t.co
Sun Oct 26 2025 10:55:17 GMT+0000 (Coordinated Universal Time),poly.market/aadvark89,Australia,Mobile,t.co
Sun Oct 26 2025 10:52:25 GMT+0000 (Coordinated Universal Time),poly.market/aadvark89,India,Desktop,t.co
Sun Oct 26 2025 10:51:08 GMT+0000 (Coordinated Universal Time),poly.market/aadvark89,India,Mobile,t.co
Sun Oct 26 2025 10:48:42 GMT+0000 (Coordinated Universal Time),poly.market/aadvark89,Germany,Mobile,t.co
Sun Oct 26 2025 10:45:28 GMT+0000 (Coordinated Universal Time),poly.market/aadvark89,Vietnam,Mobile,t.co
Sun Oct 26 2025 10:37:42 GMT+0000 (Coordinated Universal Time),poly.market/aadvark89,Croatia,Mobile,t.co
Sun Oct 26 2025 10:35:17 GMT+0000 (Coordinated Universal Time),poly.market/aadvark89,Nigeria,Mobile,t.co
Sun Oct 26 2025 10:35:17 GMT+0000 (Coordinated Universal Time),poly.market/aadvark89,Turkey,Mobile,t.co
Sun Oct 26 2025 10:31:02 GMT+0000 (Coordinated Universal Time),poly.market/aadvark89,Turkey,Mobile,t.co
Sun Oct 26 2025 10:29:53 GMT+0000 (Coordinated Universal Time),poly.market/aadvark89,India,Desktop,t.co
Sun Oct 26 2025 10:28:28 GMT+0000 (Coordinated Universal Time),poly.market/aadvark89,France,Desktop,t.co
Sun Oct 26 2025 10:26:31 GMT+0000 (Coordinated Universal Time),poly.market/aadvark89,Vietnam,Desktop,t.co
Sun Oct 26 2025 10:24:47 GMT+0000 (Coordinated Universal Time),poly.market/aadvark89,Indonesia,Desktop,t.co
Sun Oct 26 2025 10:24:08 GMT+0000 (Coordinated Universal Time),poly.market/aadvark89,France,Desktop,t.co
Sun Oct 26 2025 10:20:18 GMT+0000 (Coordinated Universal Time),poly.market/aadvark89,Singapore,Desktop,t.co
Sun Oct 26 2025 10:19:39 GMT+0000 (Coordinated Universal Time),poly.market/aadvark89,Netherlands,Desktop,t.co
Sun Oct 26 2025 10:12:20 GMT+0000 (Coordinated Universal Time),poly.market/aadvark89,New Zealand,Desktop,t.co
Sun Oct 26 2025 10:11:08 GMT+0000 (Coordinated Universal Time),poly.market/aadvark89,Indonesia,Desktop,t.co
Sun Oct 26 2025 10:10:32 GMT+0000 (Coordinated Universal Time),poly.market/aadvark89,Czech Republic,Desktop,t.co
Sun Oct 26 2025 10:06:15 GMT+0000 (Coordinated Universal Time),poly.market/aadvark89,France,Mobile,t.co
Sun Oct 26 2025 09:57:44 GMT+0000 (Coordinated Universal Time),poly.market/aadvark89,Greece,Mobile,t.co
Sun Oct 26 2025 09:49:03 GMT+0000 (Coordinated Universal Time),poly.market/aadvark89,Portugal,Desktop,t.co
Sun Oct 26 2025 09:43:22 GMT+0000 (Coordinated Universal Time),poly.market/aadvark89,Germany,Mobile,t.co
Sun Oct 26 2025 09:42:51 GMT+0000 (Coordinated Universal Time),poly.market/aadvark89,Turkey,Desktop,t.co
Sun Oct 26 2025 09:42:12 GMT+0000 (Coordinated Universal Time),poly.market/aadvark89,Vietnam,Desktop,t.co
Sun Oct 26 2025 09:30:36 GMT+0000 (Coordinated Universal Time),poly.market/aadvark89,India,Desktop,(direct)
Sun Oct 26 2025 09:19:52 GMT+0000 (Coordinated Universal Time),poly.market/aadvark89,Indonesia,Desktop,(direct)
Sun Oct 26 2025 06:16:21 GMT+0000 (Coordinated Universal Time),poly.market/aadvark89,India,Desktop,(direct)
Sun Oct 26 2025 06:15:12 GMT+0000 (Coordinated Universal Time),poly.market/aadvark89,Malaysia,Desktop,(direct)
Sun Oct 26 2025 06:12:42 GMT+0000 (Coordinated Universal Time),poly.market/aadvark89,Germany,Desktop,(direct)
Sat Oct 25 2025 08:02:38 GMT+0000 (Coordinated Universal Time),poly.market/aadvark89,Vietnam,Mobile,t.co
Sat Oct 25 2025 02:19:51 GMT+0000 (Coordinated Universal Time),poly.market/aadvark89,Canada,Desktop,t.co
Sat Oct 25 2025 00:33:25 GMT+0000 (Coordinated Universal Time),poly.market/aadvark89,Togo,Mobile,t.co
Fri Oct 24 2025 01:03:07 GMT+0000 (Coordinated Universal Time),poly.market/aadvark89,Sweden,Desktop,t.co
Fri Oct 24 2025 00:46:30 GMT+0000 (Coordinated Universal Time),poly.market/aadvark89,Bulgaria,Mobile,t.co
Thu Oct 23 2025 22:26:51 GMT+0000 (Coordinated Universal Time),poly.market/aadvark89,Canada,Desktop,t.co
Thu Oct 23 2025 18:01:42 GMT+0000 (Coordinated Universal Time),poly.market/aadvark89,Vietnam,Mobile,t.co
Thu Oct 23 2025 15:59:32 GMT+0000 (Coordinated Universal Time),poly.market/aadvark89,Germany,Desktop,t.co
Thu Oct 23 2025 10:06:38 GMT+0000 (Coordinated Universal Time),poly.market/aadvark89,India,Desktop,t.co
Thu Oct 23 2025 08:55:23 GMT+0000 (Coordinated Universal Time),poly.market/aadvark89,Slovakia,Desktop,t.co
Wed Oct 22 2025 18:29:18 GMT+0000 (Coordinated Universal Time),poly.market/aadvark89,United States,Desktop,t.co
Wed Oct 22 2025 14:40:36 GMT+0000 (Coordinated Universal Time),poly.market/aadvark89,India,Desktop,t.co