Date,Sale Amount,Event,Customer,Link,Referrer
Fri May 22 2026 14:05:53 GMT+0000 (Coordinated Universal Time),"$10,000.00",Deposit - 0x9e53b06c306f680a0286d80ab9fc7dbd68876185a8322b697493ddf232f7f2c3,undefined <igetlitty>,poly.market/aadvark89,(direct)
Fri May 22 2026 10:05:50 GMT+0000 (Coordinated Universal Time),"$2,500.00",Deposit - 0xab2aaaee3f407edb4a139ff56e6fee19a3df085306578ff15e206ecb4a70b42a,undefined <weird69>,poly.market/aadvark89,t.co
Fri May 22 2026 00:35:52 GMT+0000 (Coordinated Universal Time),$9.98,Deposit - 0xe5a26a26a7d6fc458315fcf9dd49f0f65370d089d871f6cbe17d14bf7cb23aeb,undefined <paulnads>,poly.market/aadvark89,t.co
Fri May 22 2026 00:20:40 GMT+0000 (Coordinated Universal Time),$510.00,Deposit - 0x31c5e28c43a2ccd967b28aeb89eade78044049b652f9f17a9c8df7796fbcb535,undefined <r*******@g****.com>,poly.market/aadvark89,t.co
Thu May 21 2026 11:55:59 GMT+0000 (Coordinated Universal Time),$13.17,Deposit - 0xd8845f8192fa306b989cf5d725d4dd005b74a1804aa7f482143ac97f76bcc274,undefined <paulnads>,poly.market/aadvark89,t.co
Wed May 20 2026 21:25:50 GMT+0000 (Coordinated Universal Time),$6.20,Deposit - 0x79e924ef3352931462966678067fb71aba2190648bd01f6fe65a4bd535e93f75,undefined <Lehnwa>,poly.market/aadvark89,t.co
Wed May 20 2026 13:51:57 GMT+0000 (Coordinated Universal Time),$10.16,Deposit - 0xbb69b4fc5348eab909bd9f744532872f269b8ff26e1836ce2a523355839070bd,undefined <paulnads>,poly.market/aadvark89,t.co
Wed May 20 2026 13:31:04 GMT+0000 (Coordinated Universal Time),$541.08,Deposit - 0xd958573a08d1cb9275dca13ba325e48b9f25c0c5b024be0862f550b3d01d635d,undefined <akshatg7>,poly.market/aadvark89,(direct)
Wed May 20 2026 10:35:47 GMT+0000 (Coordinated Universal Time),$15.16,Deposit - 0x1cf7e42e24168bb20f36ca68b3927b9b84d342b69a303a178a8bf7b225727402,undefined <paulnads>,poly.market/aadvark89,t.co
Wed May 20 2026 06:45:35 GMT+0000 (Coordinated Universal Time),$37.59,Deposit - 0x2ffd602bdd473da2cb1d1e8f7e4d20f250d844788169544dcbab1c8c712c66b8,undefined <paulnads>,poly.market/aadvark89,t.co
Tue May 19 2026 16:01:40 GMT+0000 (Coordinated Universal Time),$29.18,Deposit - 0x9443651299db46106e384fd3de720abcc21ab74cfb7428f28dc41e8389f919bb,undefined <paulnads>,poly.market/aadvark89,t.co
Tue May 19 2026 15:10:44 GMT+0000 (Coordinated Universal Time),$75.26,Deposit - 0x84b47ae53f1afed3a046356c609b039b519582c82b746eb6632131365120d146,undefined <paulnads>,poly.market/aadvark89,t.co
Mon May 18 2026 21:40:39 GMT+0000 (Coordinated Universal Time),$112.49,Deposit - 0x4896c9fe38635fd05bda2a7d957b397ea5827ada4bcfe2e635b696fe008a67b0,undefined <paulnads>,poly.market/aadvark89,t.co
Mon May 18 2026 15:50:47 GMT+0000 (Coordinated Universal Time),$118.91,Deposit - 0xef145dfca7c4a535ba0420275d806d125ed1add94aceda4a375cddb48f3bee93,undefined <paulnads>,poly.market/aadvark89,t.co
Mon May 18 2026 02:31:12 GMT+0000 (Coordinated Universal Time),$11.94,Deposit - 0xd74c21346af9e5e3d4db8723435f01c6ecdc8040c0487bd2e0d16e52bc9fb4bc,undefined <paulnads>,poly.market/aadvark89,t.co
Sun May 17 2026 14:15:49 GMT+0000 (Coordinated Universal Time),$12.54,Deposit - 0xaeb12148447fcf3b3b96cfba0482b7a4750b5659aa4510565081297e74db0604,undefined <paulnads>,poly.market/aadvark89,t.co
Sun May 17 2026 13:41:12 GMT+0000 (Coordinated Universal Time),$10.00,Deposit - 0x805187cd6b60bbf5a6fe4e2ebed4e6a11ffa6588bb435680cf61e33278c49045,undefined <SarveshAdekar>,poly.market/aadvark89,(direct)
Sun May 17 2026 12:01:32 GMT+0000 (Coordinated Universal Time),"$10,000.00",Deposit - 0x15284b76265aec5f763a676cd357225ccc78501680a6589d1fddffbcf5f1389d,undefined <igetlitty>,poly.market/aadvark89,(direct)
Sun May 17 2026 11:30:55 GMT+0000 (Coordinated Universal Time),$11.94,Deposit - 0x213d7dfaaea7b0c5cc6d99fb5e0eb5f94908d3507d6c12fa02253c13502e9aaf,undefined <paulnads>,poly.market/aadvark89,t.co
Sun May 17 2026 08:10:55 GMT+0000 (Coordinated Universal Time),$3.59,Deposit - 0xa8a4c01d605b91c2a0d4bca3aee68a5400b180e004081b81df99d826e5ed9684,undefined <paulnads>,poly.market/aadvark89,t.co
Sun May 17 2026 01:30:53 GMT+0000 (Coordinated Universal Time),$29.95,Deposit - 0x6acd9e213359875e92b2c2cdbdb712417149cdaeac76adaca6894a3f99e383ae,undefined <paulnads>,poly.market/aadvark89,t.co
Sat May 16 2026 22:05:58 GMT+0000 (Coordinated Universal Time),$16.77,Deposit - 0x9351d5ee9d454ce3f6236f0a77c1e8b1bd6f53c8283baf92b96dbf7d8c91ab05,undefined <paulnads>,poly.market/aadvark89,t.co
Sat May 16 2026 20:06:02 GMT+0000 (Coordinated Universal Time),"$5,225.07",Deposit - 0x53c7dc8061056fa12c923a51f5a8f063d4f447880ca6ba9d16ecadefb4602965,undefined <akshatg7>,poly.market/aadvark89,(direct)
Sat May 16 2026 20:05:49 GMT+0000 (Coordinated Universal Time),"$15,000.00",Deposit - 0xe93e58c7cf6adaee94590f8bd6b534ae37d8548620e9eea0f1f4ff15c85e4a9a,undefined <igetlitty>,poly.market/aadvark89,(direct)
Sat May 16 2026 14:50:37 GMT+0000 (Coordinated Universal Time),"$10,000.00",Deposit - 0x7f02f1ba74f97ea9eee28f4735331b2d42356249dfe2a09484dd2f3f9b17ee69,undefined <igetlitty>,poly.market/aadvark89,(direct)
Sat May 16 2026 07:35:56 GMT+0000 (Coordinated Universal Time),$11.08,Deposit - 0x460689ae5c2e4aff6c85ed723aab26a0fafc00480f35e2d4019760d0a5855939,undefined <paulnads>,poly.market/aadvark89,t.co
Sat May 16 2026 06:30:46 GMT+0000 (Coordinated Universal Time),$426.91,Deposit - 0xfd1a6ec2777efcc09aa0b884ad8d800dec43a0eca4e931b8a907ee09c24e5b6e,undefined <l*****@g****.com>,poly.market/aadvark89,t.co
Sat May 16 2026 02:20:42 GMT+0000 (Coordinated Universal Time),"$10,000.00",Deposit - 0xb3f604fcfb6a578af97ceac32eb843d2142912b60605ffad0a4253c91abd8918,undefined <igetlitty>,poly.market/aadvark89,(direct)
Fri May 15 2026 22:35:38 GMT+0000 (Coordinated Universal Time),"$9,999.00",Deposit - 0x027e0bae3f6ccde46fa06c83c24e6a548cd1ae2772161f876f95c6fc98258f23,undefined <igetlitty>,poly.market/aadvark89,(direct)
Fri May 15 2026 07:41:08 GMT+0000 (Coordinated Universal Time),$413.86,Deposit - 0xab63898a2de885867b7f38c10efeeb57535c280b692df47c46466adbc3548711,undefined <Barron.>,poly.market/aadvark89,t.co
Fri May 15 2026 06:35:37 GMT+0000 (Coordinated Universal Time),$11.16,Deposit - 0xf2d4f25a69fbdae1908a29fae46942781e4b19e856c7af1aebdb509da49174a9,undefined <paulnads>,poly.market/aadvark89,t.co
Fri May 15 2026 05:55:41 GMT+0000 (Coordinated Universal Time),"$9,999.00",Deposit - 0xbfcdb0dfd8425523cd15ca1185f0c317b889d89d6b58c4e97148232741a9a6a8,undefined <igetlitty>,poly.market/aadvark89,(direct)
Fri May 15 2026 04:40:42 GMT+0000 (Coordinated Universal Time),$56.81,Deposit - 0xb987d117be289bad55ff11c5922501292d150eb1ac8e679ac85ac7a67bd6af9e,undefined <paulnads>,poly.market/aadvark89,t.co
Thu May 14 2026 14:50:59 GMT+0000 (Coordinated Universal Time),$14.15,Deposit - 0x37117b83f8791f54fff6857bd896d87f8970247045d74f5f0611898f456ea3c0,undefined <paulnads>,poly.market/aadvark89,t.co
Thu May 14 2026 13:02:32 GMT+0000 (Coordinated Universal Time),"$5,000.00",Deposit - 0x2a7aa63e411dd0564a9e9626ff9cfd4817a54610c5f3ef83efb2a2b2def6d3f0,undefined <igetlitty>,poly.market/aadvark89,(direct)
Thu May 14 2026 10:35:36 GMT+0000 (Coordinated Universal Time),$932.19,Deposit - 0xdd58f6bd704b9c5f620cf6762051c3f8ad7959dfa80947b074152baf66f77c62,undefined <DivfNa>,poly.market/aadvark89,t.co
Thu May 14 2026 08:45:53 GMT+0000 (Coordinated Universal Time),$31.76,Deposit - 0x76fcc1c389c007c7ae0d3c67ef75a43fe28be43f9c8f78b5f38556d78619f534,undefined <paulnads>,poly.market/aadvark89,t.co
Thu May 14 2026 01:30:53 GMT+0000 (Coordinated Universal Time),"$8,443.00",Deposit - 0x7a93ae200fa2ab0080ed64a878db5d43ff0e9cee907b3c2fcd11256fecc1400a,undefined <igetlitty>,poly.market/aadvark89,(direct)
Wed May 13 2026 15:25:37 GMT+0000 (Coordinated Universal Time),"$1,108.29",Deposit - 0x55a44e64755a5bcf09fa43868f8a6590d4ed4b0817ecbf69f03ed3ed38e0eaf6,undefined <0x4dF07aBB9317983Ac3D4c946284adC7c5f249edA-1730777712238>,poly.market/aadvark89,t.co
Tue May 12 2026 21:35:53 GMT+0000 (Coordinated Universal Time),$10.22,Deposit - 0x24caeb088a666659432786d98c755eb49aeadd741bbab5053052e51cbd3678b9,undefined <paulnads>,poly.market/aadvark89,t.co
Tue May 12 2026 17:01:10 GMT+0000 (Coordinated Universal Time),$9.32,Deposit - 0xb6f846eaf1bc9d32da27fed2268bb61fcfb900c3e924d1c29bb1cf492f34d34c,undefined <chaitu945>,poly.market/aadvark89,t.co
Tue May 12 2026 15:15:44 GMT+0000 (Coordinated Universal Time),"$9,018.98",Deposit - 0x24327960692a4c0ab4cda863c6eda4a253b5fb0a49e7ce35a43876abefb730ef,undefined <richard69>,poly.market/aadvark89,polymarket.com
Tue May 12 2026 14:51:01 GMT+0000 (Coordinated Universal Time),$50.08,Deposit - 0xa0e271950f88e5e0f5d7b0e1b722a31fdcbddab65748444224c56a1c5b197d1c,undefined <Nitin988>,poly.market/aadvark89,t.co
Tue May 12 2026 11:10:42 GMT+0000 (Coordinated Universal Time),$13.11,Deposit - 0x6e027c97f68a1ba15bdd7d00fa3820fffb5a75a324088bc061f5ec88404bf715,undefined <paulnads>,poly.market/aadvark89,t.co
Mon May 11 2026 09:15:47 GMT+0000 (Coordinated Universal Time),$37.86,Deposit - 0xdf869a90014dd5f66cdbbb9803398ba7254004bcec26d9d694e9be20bf24d56b,undefined <paulnads>,poly.market/aadvark89,t.co
Mon May 11 2026 07:20:52 GMT+0000 (Coordinated Universal Time),"$2,290.21",Deposit - 0x5dbd94d41432e64db3deff0fee736ed230b4361b3a84dd26b3ac6e9a11671d8f,undefined <richard69>,poly.market/aadvark89,polymarket.com
Sun May 10 2026 14:55:49 GMT+0000 (Coordinated Universal Time),"$1,096.58",Deposit - 0xe862b5755b518f77e23941c8d188ec1d81972082ae5808631feb1d61f6ab3349,undefined <r*******@g****.com>,poly.market/aadvark89,t.co
Sun May 10 2026 10:40:49 GMT+0000 (Coordinated Universal Time),$100.00,Deposit - 0xc2b976a3328224904002c137379f5488759664931bdad49730bf16858e3cd120,undefined <OnlyLuck>,poly.market/aadvark89,t.co
Sun May 10 2026 04:20:35 GMT+0000 (Coordinated Universal Time),$300.00,Deposit - 0x3bba61ec1a0a64882a3b9433f76784c791c0907737084b4c04884f4c25325725,undefined <OnlyLuck>,poly.market/aadvark89,t.co
Sat May 09 2026 08:15:49 GMT+0000 (Coordinated Universal Time),$22.69,Deposit - 0x8c57e2e50d90dfa4a25bfd48c694c2b796d73112339b88ce391b7d6c989d7c41,undefined <paulnads>,poly.market/aadvark89,t.co
Thu May 07 2026 13:25:52 GMT+0000 (Coordinated Universal Time),$22.45,Deposit - 0x92523ebaacca30932a7e4d08b1e7d76a4a408b1429d35af14f0baf16f1b689b4,undefined <jiaf>,poly.market/aadvark89,t.co
Thu May 07 2026 05:25:37 GMT+0000 (Coordinated Universal Time),$108.95,Deposit - 0xb5a0d1a6f979844cf37ee2a0d857ddd9d4c55d8940e689e4bfeb4126e7598475,undefined <paulnads>,poly.market/aadvark89,t.co
Wed May 06 2026 20:00:41 GMT+0000 (Coordinated Universal Time),$710.00,Deposit - 0x049b19391433127066bbd2131031f4fa1d73e7bac390835784174fb7c0e675bf,undefined <w*******@g****.com>,poly.market/aadvark89,t.co
Wed May 06 2026 19:05:37 GMT+0000 (Coordinated Universal Time),$222.68,Deposit - 0xbb17b65ac8914813c433d338006966d7a4b31f7e8bcfbe7e5192a992a4b10f56,undefined <FabricioRomano>,poly.market/aadvark89,t.co
Wed May 06 2026 17:01:22 GMT+0000 (Coordinated Universal Time),$23.32,Deposit - 0x64e1e32e98ad37fb59b7bcd32ef6c3f18646bf58fa1eaa61df07b1b281fd7b86,undefined <0xb9aad67501a0080F0191F5F6710c1CD454a64CaD-1763086689201>,poly.market/aadvark89,(direct)
Wed May 06 2026 17:01:07 GMT+0000 (Coordinated Universal Time),$69.73,Deposit - 0xca6f6fa8d35d8c8e4a1765ef0e9d896f2db934e78c3e2140afef17b758a268af,undefined <0xb9aad67501a0080F0191F5F6710c1CD454a64CaD-1763086689201>,poly.market/aadvark89,(direct)
Wed May 06 2026 17:01:04 GMT+0000 (Coordinated Universal Time),$10.56,Deposit - 0x9ae44a29690a7fe6884c3ecc9b3ec75324f4eb6529c00de50c5d46b20e3cdab0,undefined <0xb9aad67501a0080F0191F5F6710c1CD454a64CaD-1763086689201>,poly.market/aadvark89,(direct)
Wed May 06 2026 15:56:06 GMT+0000 (Coordinated Universal Time),$49.89,Deposit - 0x210444c22e65534eea1811f6de38433ac86652c7af077ef9df56b53eb2100e44,undefined <Nitin988>,poly.market/aadvark89,t.co
Wed May 06 2026 13:40:42 GMT+0000 (Coordinated Universal Time),$45.07,Deposit - 0x9a7c81446c4a98e0177a3037674e76c6a53ad517345f60bec5f1a3168926fd80,undefined <paulnads>,poly.market/aadvark89,t.co
Wed May 06 2026 11:55:59 GMT+0000 (Coordinated Universal Time),$75.09,Deposit - 0x6754b4186aefceacbb031f3105f4a79c64511dd0931d160657c07552123ec1cf,undefined <paulnads>,poly.market/aadvark89,t.co
Wed May 06 2026 08:30:40 GMT+0000 (Coordinated Universal Time),$45.03,Deposit - 0x7f547627e259d89bd8447c5508a087375c00c9a929b4bc6f7a5d61f4aac54ce8,undefined <paulnads>,poly.market/aadvark89,t.co
Wed May 06 2026 08:10:35 GMT+0000 (Coordinated Universal Time),$15.71,Deposit - 0xd71f122a1bdace76be2011d96874a3f8111c7089a6bb831d5832c62c2cc31a8c,undefined <e*******@g****.com>,poly.market/aadvark89,t.co
Wed May 06 2026 00:22:10 GMT+0000 (Coordinated Universal Time),"$46,350.37",Deposit - 0x375bc763a89a936865990f047463ba4c490330b8e695d8524925f4b30647843a,undefined <igetlitty>,poly.market/aadvark89,(direct)
Wed May 06 2026 00:20:46 GMT+0000 (Coordinated Universal Time),$186.54,Deposit - 0xaa2d1122b1232a1dd5369ebd027f7f9a88030147a55e57d25bffff0d92ec568f,undefined <d******@y******.com>,poly.market/aadvark89,t.co
Tue May 05 2026 18:33:36 GMT+0000 (Coordinated Universal Time),"$7,999.00",Deposit - 0x82552c7df2c0ae028feccfb8fbdcd30165f554cbb85c0309c6f11b53c9732148,undefined <weird69>,poly.market/aadvark89,t.co
Tue May 05 2026 17:59:33 GMT+0000 (Coordinated Universal Time),$110.00,Deposit - 0x84e1f0130f11cce33b76205729ea2feb685b22d203b32705321db18baeac6517,undefined <birusu>,poly.market/aadvark89,t.co
Tue May 05 2026 17:57:33 GMT+0000 (Coordinated Universal Time),$25.00,Deposit - 0xbff70f7e617901dc98cecfb8087a301d2122099403c1f95ed16b1f1e6142312d,undefined <birusu>,poly.market/aadvark89,t.co
Tue May 05 2026 17:56:36 GMT+0000 (Coordinated Universal Time),$20.00,Deposit - 0x652317de74770222561c8380430a0d9938d77e914e06e8f801bce05d509ff78e,undefined <birusu>,poly.market/aadvark89,t.co
Tue May 05 2026 17:55:39 GMT+0000 (Coordinated Universal Time),$19.42,Deposit - 0xe7c09ecec94b5467f233c2997ce9595da79fcb202bcf1cb5b3e7d730e6877211,undefined <birusu>,poly.market/aadvark89,t.co
Tue May 05 2026 14:54:33 GMT+0000 (Coordinated Universal Time),$199.00,Deposit - 0xacbec8aebd645c9b9357c53dd222ecab7298f176d7aba58ac3b9e71c8729f2a3,undefined <weird69>,poly.market/aadvark89,t.co
Tue May 05 2026 13:19:31 GMT+0000 (Coordinated Universal Time),$10.43,Deposit - 0xfd7a9f987c9e5d6565d1901215758274a895039763332959847af1d2a6288dbf,undefined <paulnads>,poly.market/aadvark89,t.co
Tue May 05 2026 02:44:32 GMT+0000 (Coordinated Universal Time),$300.00,Deposit - 0x04a40133fe93e1ea57a26f4410339859b6896bd004aa3d1753affcd48378cd09,undefined <OnlyLuck>,poly.market/aadvark89,t.co
Mon May 04 2026 20:34:35 GMT+0000 (Coordinated Universal Time),$200.00,Deposit - 0xda59cc7d8812f0fbe3415aecbabc9f5df4fc29c74d656b3ccc50fa27816e5c9c,undefined <r*******@g****.com>,poly.market/aadvark89,t.co
Mon May 04 2026 15:48:35 GMT+0000 (Coordinated Universal Time),$44.72,Deposit - 0x8656ccc0c6e1e537a8c9dbe197cebc9a7336a2ca61855b89ef6eda63e9d6c67b,undefined <paulnads>,poly.market/aadvark89,t.co
Mon May 04 2026 15:10:35 GMT+0000 (Coordinated Universal Time),$44.71,Deposit - 0x277a9945e18e8d315f6ff85fe8292f5bf98322f097822d7a8e30b5fa8fd34359,undefined <paulnads>,poly.market/aadvark89,t.co
Mon May 04 2026 05:54:33 GMT+0000 (Coordinated Universal Time),$18.60,Deposit - 0x34c4cc47890c7566bbc6da88d5c812949d74cca36068d65e0d3accb106018c8f,undefined <paulnads>,poly.market/aadvark89,t.co
Mon Apr 27 2026 20:34:08 GMT+0000 (Coordinated Universal Time),$11.13,Deposit - 0xa463d0894cbb45bc5fb35b00ff34dc02b4eb1d0c4880b57d2f0ba92cd240f0cf,undefined <paulnads>,poly.market/aadvark89,t.co
Mon Apr 27 2026 13:30:11 GMT+0000 (Coordinated Universal Time),$16.61,Deposit - 0xaac3d5847b8384cf183d02e3e876cf187a06fce3561701c4125afb75c146293a,undefined <paulnads>,poly.market/aadvark89,t.co
Mon Apr 27 2026 10:12:09 GMT+0000 (Coordinated Universal Time),$132.73,Deposit - 0x7c4f05f1eb16429105498cb508008e4d3afbe0c0be59e98a378205f21eb7a554,undefined <paulnads>,poly.market/aadvark89,t.co
Mon Apr 27 2026 05:47:08 GMT+0000 (Coordinated Universal Time),$11.97,Deposit - 0x7daec251048d1540b78f8655ec6bc2d37ed4b6e66bbe5bb8e91082a470e1cf24,undefined <paulnads>,poly.market/aadvark89,t.co
Mon Apr 27 2026 04:47:07 GMT+0000 (Coordinated Universal Time),$62.68,Deposit - 0x383d8c24b803cb65f628414ae6f6065b8f1a68705abfb9510150015c3a7544e7,undefined <paulnads>,poly.market/aadvark89,t.co
Mon Apr 27 2026 04:22:08 GMT+0000 (Coordinated Universal Time),$99.62,Deposit - 0xda9ae63d64cb1f61cffc875a51cdd34bef6851bbfbac11ab7c763046dcf5d4d7,undefined <k****@g****.com>,poly.market/aadvark89,(direct)
Sun Apr 26 2026 06:32:07 GMT+0000 (Coordinated Universal Time),$29.65,Deposit - 0x9d72b9bf3557b1aff7a0d0623880eefec66bf0de6e60ec2d738ff4c9e773837d,undefined <paulnads>,poly.market/aadvark89,t.co
Sun Apr 26 2026 04:17:08 GMT+0000 (Coordinated Universal Time),$52.41,Deposit - 0x37d90b7e44b1a25c431af563a952a2c54b570df7c4689fe3443e1e2c0a866f04,undefined <paulnads>,poly.market/aadvark89,t.co
Sat Apr 25 2026 21:03:11 GMT+0000 (Coordinated Universal Time),"$13,108.72",Deposit - 0xf88f0cd3a2ea4fa5ed77e8384b8b34daf5027eed8a5527b6435d67ad5804ad44,undefined <igetlitty>,poly.market/aadvark89,(direct)
Sat Apr 25 2026 15:52:08 GMT+0000 (Coordinated Universal Time),$23.36,Deposit - 0x5ebe1585a30d250648553b5b1a0de17377ef45aa4ff9788c0ca6674974a0977f,undefined <Nitin988>,poly.market/aadvark89,t.co
Sat Apr 25 2026 12:42:11 GMT+0000 (Coordinated Universal Time),"$14,863.21",Deposit - 0xa0abb929368eaef556a33e40d038f961b6d15a7f0134623013c83f3cd40505fe,undefined <igetlitty>,poly.market/aadvark89,(direct)
Sat Apr 25 2026 11:18:08 GMT+0000 (Coordinated Universal Time),$126.31,Deposit - 0xe0cda36e002e058d77ef12f930bdbd07380aea0b708d387f449ca3df5f0e6679,undefined <paulnads>,poly.market/aadvark89,t.co
Fri Apr 24 2026 07:03:15 GMT+0000 (Coordinated Universal Time),$222.16,Deposit - 0xc16b7dacc15e790a1696d34c7ffcca3d17524555bf3ff322724d1c3aed2bed9b,undefined <paulnads>,poly.market/aadvark89,t.co
Fri Apr 24 2026 01:25:09 GMT+0000 (Coordinated Universal Time),$63.62,Deposit - 0xdb7a576df0bad36e1498e3a7a8c976381f96606a287cfecc7e33326400607f84,undefined <d****@g****.com>,poly.market/aadvark89,(direct)
Fri Apr 24 2026 01:23:08 GMT+0000 (Coordinated Universal Time),$21.24,Deposit - 0x076f8cf0a70c98ee01a4938e14379eda34f50de3d59635b92b442115672faf8a,undefined <d****@g****.com>,poly.market/aadvark89,(direct)
Thu Apr 23 2026 22:00:07 GMT+0000 (Coordinated Universal Time),$106.58,Deposit - 0xeb5e52e6d5534c7a9cd894188b500ef9c7b495eb09ca66fd7b99aad537d8fb35,undefined <paulnads>,poly.market/aadvark89,t.co
Thu Apr 23 2026 20:54:07 GMT+0000 (Coordinated Universal Time),$191.20,Deposit - 0xbb26d3698ec52435aed6f2f24691ea1858b59c0122bbb8fff2ff230aa7c72aa8,undefined <paulnads>,poly.market/aadvark89,t.co
Thu Apr 23 2026 08:05:11 GMT+0000 (Coordinated Universal Time),$149.22,Deposit - 0x5b6aa9a95063578d281f44ac0c0d8bf2d639be5a5eef81f1f0bd0bf7fa4602ae,undefined <paulnads>,poly.market/aadvark89,t.co
Wed Apr 22 2026 10:49:07 GMT+0000 (Coordinated Universal Time),$123.43,Deposit - 0xdd5e10f3f5762031bb226e790e7ed553d1d4c9255aee20c122a53ebe5dd27e97,undefined <paulnads>,poly.market/aadvark89,t.co
Wed Apr 22 2026 10:43:06 GMT+0000 (Coordinated Universal Time),$5.95,Deposit - 0x32e663d6f331f60c8c50b16ebe6fe66abd4493704b52ac38e724363f1966431f,undefined <0xkyra>,poly.market/aadvark89,t.co
Wed Apr 22 2026 08:29:10 GMT+0000 (Coordinated Universal Time),$75.48,Deposit - 0xb9043590792340cadfdd577c8785b7b2aa112525eb0acf83703b76f8adb2d016,undefined <paulnads>,poly.market/aadvark89,t.co
Wed Apr 22 2026 00:33:06 GMT+0000 (Coordinated Universal Time),$73.58,Deposit - 0x7edd4a9177c2fa12016c5c2cfb43ecafb1b6022e02fbee00a162047cdb29fff4,undefined <paulnads>,poly.market/aadvark89,t.co
Tue Apr 21 2026 21:58:05 GMT+0000 (Coordinated Universal Time),$99.62,Deposit - 0x0fbc4169bff4b98845637e5ac42a46ec6e94239d4fe96b7e199e599428f9794e,undefined <paulnads>,poly.market/aadvark89,t.co
Tue Apr 21 2026 21:30:04 GMT+0000 (Coordinated Universal Time),$99.62,Deposit - 0x3dff20e45aa2321f041b673436c9fe330c87fad7f4e7ef8839409403dbf506e0,undefined <paulnads>,poly.market/aadvark89,t.co
Tue Apr 21 2026 20:53:12 GMT+0000 (Coordinated Universal Time),$99.62,Deposit - 0xe6987cde732a2b81e6202396731e334637850a19dc4c3c853b4fd194ba0a8bc0,undefined <paulnads>,poly.market/aadvark89,t.co
Tue Apr 21 2026 18:34:07 GMT+0000 (Coordinated Universal Time),$98.23,Deposit - 0x79c8705723ae95530c18e1ca32ba47af843da28d7fe3a389daf8ede4ffc34773,undefined <paulnads>,poly.market/aadvark89,t.co
Mon Apr 20 2026 21:45:08 GMT+0000 (Coordinated Universal Time),$26.10,Deposit - 0x5e0398945e7c8e4d936267836c24dfba06d2d045a841006572b9a0c463b24efa,undefined <paulnads>,poly.market/aadvark89,t.co
Mon Apr 20 2026 10:32:04 GMT+0000 (Coordinated Universal Time),$99.48,Deposit - 0xfe12a058456bd2918ee168056b55a841df5be8470e0350247f2c674a1676fb51,undefined <paulnads>,poly.market/aadvark89,t.co
Mon Apr 20 2026 08:04:05 GMT+0000 (Coordinated Universal Time),$15.98,Deposit - 0x39543806b33e629203587909969e56cee6ddb80d619533bec625a3e76d5c507f,undefined <paulnads>,poly.market/aadvark89,t.co
Mon Apr 20 2026 07:55:08 GMT+0000 (Coordinated Universal Time),$12.35,Deposit - 0x62bb367d71be414a8941eb5f717d3fcec737be8dd3be6467056e10e2b695bc18,undefined <paulnads>,poly.market/aadvark89,t.co
Mon Apr 20 2026 06:22:04 GMT+0000 (Coordinated Universal Time),$70.48,Deposit - 0xe280a2ae428da1de9ba5f26bf1ede993277f4ca5ca2cfc796e1afe8d791c1d40,undefined <paulnads>,poly.market/aadvark89,t.co
Mon Apr 20 2026 05:32:05 GMT+0000 (Coordinated Universal Time),$33.61,Deposit - 0xb6a70ad7680b6595d65059c50a5bcbbe25e40d8999d77685c5b16e8524944a1f,undefined <paulnads>,poly.market/aadvark89,t.co
Sun Apr 19 2026 18:02:10 GMT+0000 (Coordinated Universal Time),$11.16,Deposit - 0xf28e3a5818c59418ade6020372427632fa27f16ac363cf9ecd426b8070af7fcc,undefined <paulnads>,poly.market/aadvark89,t.co
Sun Apr 19 2026 15:43:10 GMT+0000 (Coordinated Universal Time),$633.73,Deposit - 0xc8e81929b7191790f1b244597e10411e33a2a7e9198fa9788fe05d2c2d7e8602,undefined <minini>,poly.market/aadvark89,t.co
Sun Apr 19 2026 15:35:10 GMT+0000 (Coordinated Universal Time),$996.39,Deposit - 0x6bdc7fc5a700503dbc8f3c7e6991ad7e765d2f86afb9488101061cfa4e09ee38,undefined <minini>,poly.market/aadvark89,t.co
Sun Apr 19 2026 15:18:08 GMT+0000 (Coordinated Universal Time),$48.46,Deposit - 0xcf58be233ec316d8074a1f77d5541a5e87b0e90aaa2e615d652e53a6bdb5b37d,undefined <paulnads>,poly.market/aadvark89,t.co
Sun Apr 19 2026 08:52:06 GMT+0000 (Coordinated Universal Time),$7.74,Deposit - 0x0d260921caf58309275a3cf7c5412ba1d112e371d2a718b6b0b80928db244756,undefined <paulnads>,poly.market/aadvark89,t.co
Sun Apr 19 2026 08:50:05 GMT+0000 (Coordinated Universal Time),$26.26,Deposit - 0x2de914b89738601fff542662755ec28a09271afe882a28da62ff9dcfefc9fe96,undefined <paulnads>,poly.market/aadvark89,t.co
Sun Apr 19 2026 07:19:05 GMT+0000 (Coordinated Universal Time),$172.98,Deposit - 0x60603bcccf56b06ade2ace071951caacf766729985cc70fbf1735c1d94a9bd4d,undefined <paulnads>,poly.market/aadvark89,t.co
Sun Apr 19 2026 05:02:04 GMT+0000 (Coordinated Universal Time),$99.79,Deposit - 0x9eeecc09b837e2c7e2ef92b6ec951358ce197a2496af56c3a1ec79d7837d093d,undefined <paulnads>,poly.market/aadvark89,t.co
Sat Apr 18 2026 10:45:07 GMT+0000 (Coordinated Universal Time),$29.25,Deposit - 0x338032e0179c7f498737cc43b780a67fc378c9b80018f9ba966fd8e00bc9336f,undefined <Nitin988>,poly.market/aadvark89,t.co
Fri Apr 17 2026 18:50:12 GMT+0000 (Coordinated Universal Time),$59.52,Deposit - 0xe1c4e2c995eff578fb9e1a7f2aa297230f03e226281a800653bfec2e2c7220d9,undefined <paulnads>,poly.market/aadvark89,t.co
Fri Apr 17 2026 11:51:06 GMT+0000 (Coordinated Universal Time),$67.47,Deposit - 0x67bb8209764442f97af11d17aa2ada807724ffef92ace90c03ac4d6d87ef22b5,undefined <paulnads>,poly.market/aadvark89,t.co
Fri Apr 17 2026 05:58:05 GMT+0000 (Coordinated Universal Time),$64.50,Deposit - 0x3be6c9fc1c080f592c783aa8aac0cda5090bbf67ae20e22cd2dd2d5e91689e92,undefined <paulnads>,poly.market/aadvark89,t.co
Fri Apr 17 2026 04:39:06 GMT+0000 (Coordinated Universal Time),$99.14,Deposit - 0x471e45f211e567bfb248b5fde6915161ac97012a995baece02c749ae0329c947,undefined <paulnads>,poly.market/aadvark89,t.co
Thu Apr 16 2026 18:45:11 GMT+0000 (Coordinated Universal Time),"$8,125.18",Deposit - 0x8e677e6cca5246487bc7cf9657b3994187ff0d448c4b37273f3570425e7eb4aa,undefined <igetlitty>,poly.market/aadvark89,(direct)
Thu Apr 16 2026 15:43:16 GMT+0000 (Coordinated Universal Time),"$14,940.95",Deposit - 0x11b0694bc455d031d70158732447c6268f596835e4376783ecf8cca13eac35dc,undefined <igetlitty>,poly.market/aadvark89,(direct)
Thu Apr 16 2026 12:18:06 GMT+0000 (Coordinated Universal Time),$74.97,Deposit - 0x429f637f36f723430242e2db2bee6ba02b15d6b19f950f4148757d42d386b492,undefined <paulnads>,poly.market/aadvark89,t.co
Thu Apr 16 2026 04:43:09 GMT+0000 (Coordinated Universal Time),"$9,985.10",Deposit - 0xcc3a8fc94731973b63beb2ca594a10a58e4b1902032e2288a30506287b90ddf2,undefined <igetlitty>,poly.market/aadvark89,(direct)
Thu Apr 16 2026 04:08:06 GMT+0000 (Coordinated Universal Time),$22.48,Deposit - 0x209333edbf32d0fcdf8e058e6a5224b67194b1f1685ddbeee16ebd5cfca8e5ea,undefined <paulnads>,poly.market/aadvark89,t.co
Thu Apr 16 2026 00:12:08 GMT+0000 (Coordinated Universal Time),$199.91,Deposit - 0xbe4991afddcb4ce1058834ee871d7253b4f6b571523a95981ae404d5b4d1f0f7,undefined <paulnads>,poly.market/aadvark89,t.co
Wed Apr 15 2026 22:02:12 GMT+0000 (Coordinated Universal Time),$199.89,Deposit - 0x8ac7b54df0ecf7c68f3d1b69de3f6e531f5acf981226960ef1026951445d5aaa,undefined <paulnads>,poly.market/aadvark89,t.co
Wed Apr 15 2026 17:18:09 GMT+0000 (Coordinated Universal Time),$10.58,Deposit - 0x8008b6493f2925f22a1ce7cddcfc569c7ac7fed5f7c3a6093d3dcb6642c90a9d,undefined <0xb9aad67501a0080F0191F5F6710c1CD454a64CaD-1763086689201>,poly.market/aadvark89,(direct)
Wed Apr 15 2026 16:25:07 GMT+0000 (Coordinated Universal Time),$161.44,Deposit - 0x738a383834f2ed93eaee30839e9e54d2a995722a41ddc6ee4fe41d76c645f28a,undefined <paulnads>,poly.market/aadvark89,t.co
Wed Apr 15 2026 08:18:07 GMT+0000 (Coordinated Universal Time),$18.56,Deposit - 0x4c6461b60e57d791d1500118d995adc0ef9e7cea177d74584f208548edb5eabd,undefined <paulnads>,poly.market/aadvark89,t.co
Wed Apr 15 2026 02:35:04 GMT+0000 (Coordinated Universal Time),$74.38,Deposit - 0x220a655ffac3f7a2c21c6a8ba5722a6b9a6c1a2ff6125abb7ca11db829eacc36,undefined <paulnads>,poly.market/aadvark89,t.co
Wed Apr 15 2026 01:44:06 GMT+0000 (Coordinated Universal Time),$87.83,Deposit - 0x82abbd0d803b7d5fb425e503eddd243cf8726edb9d16bcd151435ed66dc7ecc5,undefined <paulnads>,poly.market/aadvark89,t.co
Tue Apr 14 2026 20:18:08 GMT+0000 (Coordinated Universal Time),$234.76,Deposit - 0x6517c6277c08580c97e437449c9fcfcb924e31e141a5f376ec76781f035fea6c,undefined <paulnads>,poly.market/aadvark89,t.co
Tue Apr 14 2026 12:41:08 GMT+0000 (Coordinated Universal Time),$18.52,Deposit - 0x3c16ca79eea8401135be3ba3d09d0df975381a2013e66cc32d9fb397c823deda,undefined <paulnads>,poly.market/aadvark89,t.co
Tue Apr 14 2026 11:24:09 GMT+0000 (Coordinated Universal Time),$37.09,Deposit - 0x90043a54b2f98ca611de07034ef4acb8dcc5a02c5617d66103022083d2b4a30e,undefined <paulnads>,poly.market/aadvark89,t.co
Tue Apr 14 2026 10:49:08 GMT+0000 (Coordinated Universal Time),$300.00,Deposit - 0x65ff555c341dd22db650aa5ca70af65a1bd4b7ca4d9db82002237251bc316ee8,undefined <OnlyLuck>,poly.market/aadvark89,t.co
Mon Apr 13 2026 22:22:09 GMT+0000 (Coordinated Universal Time),"$9,992.03",Deposit - 0x5e7fa8e64a70afb78edec575f041e652c3fc25faf00e9c8f2e69691c91b744c2,undefined <igetlitty>,poly.market/aadvark89,(direct)
Mon Apr 13 2026 05:47:06 GMT+0000 (Coordinated Universal Time),$11.05,Deposit - 0xfd9e270abe29288d1ab8d12006f055d94f1ab9bc4bfd4133a81f5152d62ffdb0,undefined <paulnads>,poly.market/aadvark89,t.co
Sun Apr 12 2026 15:25:08 GMT+0000 (Coordinated Universal Time),$22.59,Deposit - 0xefb118444ce1b0b258245ff9784c3615c3f90c9518681c0b58a459db21cbf02c,undefined <Nitin988>,poly.market/aadvark89,t.co
Sun Apr 12 2026 15:16:17 GMT+0000 (Coordinated Universal Time),$11.02,Deposit - 0x516a8a984145a8a735668c43ba288469a52b0d4365f21872f54e2caa926ccbae,undefined <paulnads>,poly.market/aadvark89,t.co
Sun Apr 12 2026 14:37:06 GMT+0000 (Coordinated Universal Time),$60.63,Deposit - 0xa2a4dd82ba3ebf18f5b0fa0f58e2d96aabbdb2b1f8eb3b84b77c8cacc8b4bbdd,undefined <Nitin988>,poly.market/aadvark89,t.co
Sun Apr 12 2026 12:56:10 GMT+0000 (Coordinated Universal Time),"$9,896.03",Deposit - 0xc09676dc03ea88817bc93736051cc8a6318a3c9397bf076373b2477c3c9492a1,undefined <igetlitty>,poly.market/aadvark89,(direct)
Sun Apr 12 2026 12:44:11 GMT+0000 (Coordinated Universal Time),$60.06,Deposit - 0x4ad8c867917ce380e7400cfbcaff5159d9ef5611e5240af2fd8943ee799d84cf,undefined <Nitin988>,poly.market/aadvark89,t.co
Sun Apr 12 2026 10:03:05 GMT+0000 (Coordinated Universal Time),$200.00,Deposit - 0x8071dc6444a87bb2d1ed21d1e02f710929bcc389a53ac074e990b6612dc0ae23,undefined <OnlyLuck>,poly.market/aadvark89,t.co
Sun Apr 12 2026 08:39:05 GMT+0000 (Coordinated Universal Time),$99.62,Deposit - 0xf6e32f79b9e9814120afa607c02a8f13b27b61529eebea975d0303458ed7c196,undefined <paulnads>,poly.market/aadvark89,t.co
Sun Apr 12 2026 05:07:06 GMT+0000 (Coordinated Universal Time),$48.47,Deposit - 0x315ba81160eda53c887397e54523c2883342589e07f369dce648b17da468e398,undefined <paulnads>,poly.market/aadvark89,t.co
Sat Apr 11 2026 12:13:06 GMT+0000 (Coordinated Universal Time),$18.44,Deposit - 0x1e9594ede9019511aadc90dfebd0b2dd2f2278fdfd9d282b1a9dfc9dcb738a74,undefined <paulnads>,poly.market/aadvark89,t.co
Sat Apr 11 2026 11:30:08 GMT+0000 (Coordinated Universal Time),$92.55,Deposit - 0x4778c9afd9c9bfe7a6676ea3d9d2d2db7eee2ab5513903423dd39a9a7174035e,undefined <paulnads>,poly.market/aadvark89,t.co
Sat Apr 11 2026 09:38:05 GMT+0000 (Coordinated Universal Time),$25.83,Deposit - 0xa1750e47535b8aaa84f1e46bd8f54494862c30b2d454db13abe8b685d72d8df4,undefined <paulnads>,poly.market/aadvark89,t.co
Sat Apr 11 2026 08:48:05 GMT+0000 (Coordinated Universal Time),$73.96,Deposit - 0x9f077c1c6cb20f1489f824931fe6435c490be985f5a123aaba9c7e8980e14796,undefined <paulnads>,poly.market/aadvark89,t.co
Sat Apr 11 2026 08:09:05 GMT+0000 (Coordinated Universal Time),$73.98,Deposit - 0x2ba2db5a54937965d6dcccd27df30edd82ec2b9fbc11cfa2ac6798d241d7f81a,undefined <paulnads>,poly.market/aadvark89,t.co
Fri Apr 10 2026 22:32:08 GMT+0000 (Coordinated Universal Time),$111.17,Deposit - 0x060d9ca6ccd79f1c635e0aab7efed4b65a25c82f755e74258c4361f5b60029bb,undefined <paulnads>,poly.market/aadvark89,t.co
Fri Apr 10 2026 13:10:10 GMT+0000 (Coordinated Universal Time),$74.17,Deposit - 0x907e55ac8aaf89d08fda66c4ce71ede5ec284ec11fd1c7c4564136d32a878e70,undefined <paulnads>,poly.market/aadvark89,t.co
Fri Apr 10 2026 12:38:10 GMT+0000 (Coordinated Universal Time),$74.21,Deposit - 0x80bc8a70092dc23c897f1ae342731aac4d8c106952f033abf8c5dc1523df01a8,undefined <paulnads>,poly.market/aadvark89,t.co
Fri Apr 10 2026 10:41:08 GMT+0000 (Coordinated Universal Time),$37.08,Deposit - 0x4cb01e0cda2e5f054ad143e3e7d774a44e4f752df9674a28202da8cec8fbcf42,undefined <paulnads>,poly.market/aadvark89,t.co
Fri Apr 10 2026 09:26:06 GMT+0000 (Coordinated Universal Time),$11.06,Deposit - 0x9cfdabaf3fbb68264aab8b5fd4c2112a5c0d174cef6ce89efaaf291ee3145eed,undefined <paulnads>,poly.market/aadvark89,t.co
Fri Apr 10 2026 07:38:05 GMT+0000 (Coordinated Universal Time),$55.74,Deposit - 0xd5768d82e8059711e93e328de7475c0d3d261184b990e406723e4ce612564497,undefined <paulnads>,poly.market/aadvark89,t.co
Thu Apr 09 2026 21:42:07 GMT+0000 (Coordinated Universal Time),$37.08,Deposit - 0xadd944d401fff6d76c46f1621c6995dca0fac59e7ae8a68880bb1a6d692d3cf5,undefined <paulnads>,poly.market/aadvark89,t.co
Thu Apr 09 2026 21:09:10 GMT+0000 (Coordinated Universal Time),"$14,900.00",Deposit - 0xa122a4fecb8b9dde68d74c00961804d1e2048ab98756aee246bf67ef4209573f,undefined <0x120b3E2E98fC4fe8C383C70867fD635669F1eE03-1730491999430>,poly.market/aadvark89,t.co
Thu Apr 09 2026 21:05:07 GMT+0000 (Coordinated Universal Time),"$5,000.00",Deposit - 0xc3c5170ff4ae71a42be38af93ed26470d8bfd8aff8a66fa897fb6ff40ac68c18,undefined <0x120b3E2E98fC4fe8C383C70867fD635669F1eE03-1730491999430>,poly.market/aadvark89,t.co
Thu Apr 09 2026 17:02:06 GMT+0000 (Coordinated Universal Time),$419.99,Deposit - 0x79765a740200538034dbcdd791cf105792b284ce3af3d30f2f307bc8accba00c,undefined <w*******@g****.com>,poly.market/aadvark89,t.co
Thu Apr 09 2026 14:08:09 GMT+0000 (Coordinated Universal Time),$74.27,Deposit - 0x7045c5583a206346cfdcee403318ab0911b979c25c9fa0a0a7cbfa86849ec966,undefined <paulnads>,poly.market/aadvark89,t.co
Thu Apr 09 2026 08:43:07 GMT+0000 (Coordinated Universal Time),$74.22,Deposit - 0xe6fc81dbbc698f14d8564acf1ec002296130c82bf724534251620c1df9047cca,undefined <paulnads>,poly.market/aadvark89,t.co
Thu Apr 09 2026 07:43:09 GMT+0000 (Coordinated Universal Time),$99.94,Deposit - 0xe8a28476b40125f91503fc34bfc6d570f99df9f3be557ee8e2e01029eb9d75f2,undefined <paulnads>,poly.market/aadvark89,t.co
Thu Apr 09 2026 05:02:05 GMT+0000 (Coordinated Universal Time),$99.62,Deposit - 0xc4ca6748f1f9d2093ee86a4d53b35f1a2a463aa350fabdf8d12ab650d1102ee1,undefined <paulnads>,poly.market/aadvark89,t.co
Wed Apr 08 2026 18:13:12 GMT+0000 (Coordinated Universal Time),$110.57,Deposit - 0x740d118f65a674108c1ef4748e5afb0b4d206376211f6876a8faf7e0c21f5a74,undefined <paulnads>,poly.market/aadvark89,t.co
Wed Apr 08 2026 17:58:08 GMT+0000 (Coordinated Universal Time),$73.69,Deposit - 0x183585f03f10f38c9dc7cb128889652f9faaf591367c1ead3d4a99d4a89b4195,undefined <paulnads>,poly.market/aadvark89,t.co
Wed Apr 08 2026 15:33:09 GMT+0000 (Coordinated Universal Time),$110.72,Deposit - 0x451de91ea7e7c5c17d9d7fc6c710e16764812c4a6beba7f267ddd54c04a9efb3,undefined <paulnads>,poly.market/aadvark89,t.co
Wed Apr 08 2026 11:59:10 GMT+0000 (Coordinated Universal Time),$73.69,Deposit - 0x4bb25129c344c8cb7dadf6042e2d4fbb498ecfc87a69610ad06c80c97a9a323c,undefined <paulnads>,poly.market/aadvark89,t.co
Wed Apr 08 2026 09:37:04 GMT+0000 (Coordinated Universal Time),$73.78,Deposit - 0xb1111e6bc1727b054fc4533dfeb2eeb48d2cb459cb30863201d5fe572d3a83c5,undefined <paulnads>,poly.market/aadvark89,t.co
Wed Apr 08 2026 09:06:08 GMT+0000 (Coordinated Universal Time),$74.03,Deposit - 0x951cf60637d602a5a4a944f411d9a41260ec32fa7571e782919d762f907dd415,undefined <paulnads>,poly.market/aadvark89,t.co
Wed Apr 08 2026 06:38:08 GMT+0000 (Coordinated Universal Time),$9.95,Deposit - 0x6617ab43ca3d7be96ea8cb222f3e9900ec40dfa2c68611fe3de335eb3d977fa8,undefined <k****@g****.com>,poly.market/aadvark89,(direct)
Wed Apr 08 2026 06:33:08 GMT+0000 (Coordinated Universal Time),$9.95,Deposit - 0x2f2be85a84cf181b23686a4ec9cbc8f1e9874417d4ce48ec79b8c9bb9b86f377,undefined <d****@g****.com>,poly.market/aadvark89,(direct)
Mon Apr 06 2026 11:53:05 GMT+0000 (Coordinated Universal Time),$10.96,Deposit - 0x83eb0fe6c88264aae5e7264657ed55cb9b5bec05c9c45d3ac8818648009da0af,undefined <paulnads>,poly.market/aadvark89,t.co
Sat Apr 04 2026 04:45:06 GMT+0000 (Coordinated Universal Time),$181.97,Deposit - 0xe2476d6f98bdb73fee8f2be48bc8d155f48b313d50019547128bfaf85ccec0cb,undefined <paulnads>,poly.market/aadvark89,t.co
Fri Apr 03 2026 15:39:09 GMT+0000 (Coordinated Universal Time),$39.99,Deposit - 0x821263e2b33c54fd7653e8b3f454839eeedf7044ebb0ee7228d09ed1ef3c5a20,undefined <paulnads>,poly.market/aadvark89,t.co
Fri Apr 03 2026 13:08:07 GMT+0000 (Coordinated Universal Time),$10.48,Deposit - 0x8a15de09ad62e7ae2c6e03d89a6afae6e2cb2f17d705e7ee64c6975b84e9d145,undefined <paulnads>,poly.market/aadvark89,t.co
Wed Apr 01 2026 08:30:04 GMT+0000 (Coordinated Universal Time),$10.74,Deposit - 0x1ca7eec9c8c726a059e4dee3aa11c0be0ac3c0ed34aeaa0d9524ca8b68443b88,undefined <paulnads>,poly.market/aadvark89,t.co
Wed Apr 01 2026 00:00:04 GMT+0000 (Coordinated Universal Time),"$7,497.09",Deposit - 0xbf21a62a0133325c88a7119f6a9b74ba8a97acf56d085da55ba5f32bb71e5feb,undefined <igetlitty>,poly.market/aadvark89,(direct)
Tue Mar 31 2026 22:19:02 GMT+0000 (Coordinated Universal Time),"$5,997.71",Deposit - 0x2d4b4fa2af26973842da219cd52fb366e4bfec764aa662cd94968ef01b327bab,undefined <igetlitty>,poly.market/aadvark89,(direct)
Tue Mar 31 2026 19:23:03 GMT+0000 (Coordinated Universal Time),$99.92,Deposit - 0xbab31fb3c97d1ff9be15efd8fc8b8f042500152736fea0a4e6162e516d26c9b2,undefined <paulnads>,poly.market/aadvark89,t.co
Tue Mar 31 2026 18:05:09 GMT+0000 (Coordinated Universal Time),$398.34,Deposit - 0x3221937d32a48a24d32bdd0825ac441e6ade71091ca5449ab0eb27d5053fb8da,undefined <OnlyLuck>,poly.market/aadvark89,t.co
Tue Mar 31 2026 16:29:06 GMT+0000 (Coordinated Universal Time),$99.92,Deposit - 0x31ff34de9a632a58e26ad5bc33f5ff9241268dfae7bd64c04fae4bdfb078c458,undefined <paulnads>,poly.market/aadvark89,t.co
Tue Mar 31 2026 14:53:07 GMT+0000 (Coordinated Universal Time),"$5,097.17",Deposit - 0xa0af2f3de4c9a83290b4d2693f17825998832520be1be8c145b21843bb81098f,undefined <igetlitty>,poly.market/aadvark89,(direct)
Tue Mar 31 2026 14:44:07 GMT+0000 (Coordinated Universal Time),$99.70,Deposit - 0xfcba7f0ea304b681415a2ed1a7a245561b2f5245005ba706cf4fd294af112cff,undefined <paulnads>,poly.market/aadvark89,t.co
Tue Mar 31 2026 07:34:05 GMT+0000 (Coordinated Universal Time),$100.00,Deposit - 0xd815cef3d3d6f43f4e68796fe3bb44478895e8d4b8b6f53f021f2470c2da5f6b,undefined <OnlyLuck>,poly.market/aadvark89,t.co
Tue Mar 31 2026 06:01:09 GMT+0000 (Coordinated Universal Time),$71.37,Deposit - 0xd90996de55b94d7ba1390e936f0e4c8cc07456086210c37126d26f69de8db3f3,undefined <paulnads>,poly.market/aadvark89,t.co
Mon Mar 30 2026 18:20:07 GMT+0000 (Coordinated Universal Time),$10.49,Deposit - 0x78fe448ef4e998b6af99e3370e9ae3f943bfcfe26e85bec6984038fed8f4b0ab,undefined <paulnads>,poly.market/aadvark89,t.co
Sun Mar 29 2026 17:50:04 GMT+0000 (Coordinated Universal Time),$284.76,Deposit - 0xab5ce18e238462739ce1b7329f3157beedeb49471eb41812a5714af648015945,undefined <paulnads>,poly.market/aadvark89,t.co
Sun Mar 29 2026 16:46:08 GMT+0000 (Coordinated Universal Time),$78.15,Deposit - 0x14f6cff3aa020d39028291a6380b0c59beade45f0a723feeac86edf1c466d690,undefined <paulnads>,poly.market/aadvark89,t.co
Sun Mar 29 2026 15:19:08 GMT+0000 (Coordinated Universal Time),$106.87,Deposit - 0x38ae0c5287053bbb9bfd3b993e1894892b69e688b9dd6ad931bd740aaf875af9,undefined <paulnads>,poly.market/aadvark89,t.co
Sun Mar 29 2026 11:33:05 GMT+0000 (Coordinated Universal Time),$67.60,Deposit - 0xc1ec7b895c9307374418d3c22dcc438022ac9531971394f3635ca36ed1e4df2e,undefined <paulnads>,poly.market/aadvark89,t.co
Sun Mar 29 2026 11:25:10 GMT+0000 (Coordinated Universal Time),$49.73,Deposit - 0x8abfe95cc130b0a17dc801c26762e3680d35181fb68b3f790e6d59092db78852,undefined <paulnads>,poly.market/aadvark89,t.co
Sun Mar 29 2026 10:50:06 GMT+0000 (Coordinated Universal Time),$71.06,Deposit - 0x876e51805aae8cf8d84bedba425a1258ee37c257fe4ae83c75c40e9859e46b57,undefined <paulnads>,poly.market/aadvark89,t.co
Sun Mar 29 2026 07:30:04 GMT+0000 (Coordinated Universal Time),$70.82,Deposit - 0x7fd3aa4f042b83114851dda06a8b95738cec8b8c4f7f9a2af9528bb1dc396cc4,undefined <paulnads>,poly.market/aadvark89,t.co
Sat Mar 28 2026 20:18:03 GMT+0000 (Coordinated Universal Time),"$12,963.81",Deposit - 0x03f1aa23e6ce1937c3cd09f253724121607411c65c4a6a8758617fb1745c412a,undefined <igetlitty>,poly.market/aadvark89,(direct)
Sat Mar 28 2026 15:28:05 GMT+0000 (Coordinated Universal Time),"$9,896.61",Deposit - 0x9ca51d3dc441ceb36be2ef9951a856fbe78d8db667cb10e50112af8327cbe0d6,undefined <igetlitty>,poly.market/aadvark89,(direct)
Fri Mar 27 2026 07:44:07 GMT+0000 (Coordinated Universal Time),$24.80,Deposit - 0x15fedba073254506f9cdf3c93f14a5f00f21e87091825fe28eb59f353c8c7147,undefined <paulnads>,poly.market/aadvark89,t.co
Thu Mar 26 2026 14:07:05 GMT+0000 (Coordinated Universal Time),$21.30,Deposit - 0xb336cc30956549898e65ba39e8ccc4b514abe54fe6bd4487b2ab4f00f89ddab3,undefined <paulnads>,poly.market/aadvark89,t.co
Thu Mar 26 2026 13:54:11 GMT+0000 (Coordinated Universal Time),$17.71,Deposit - 0x388048e0760ae6aff4d491a5a746f803ab76bea35c515fcbf5e5d45b48f74eb7,undefined <paulnads>,poly.market/aadvark89,t.co
Thu Mar 26 2026 06:15:04 GMT+0000 (Coordinated Universal Time),"$103,000.00",Deposit - 0x3449f2e3da2da29e0c3b1d15e4e1fc0922458fd9dd5e825bfbcddbb51adf0ecf,undefined <degenpingg>,poly.market/aadvark89,t.co
Thu Mar 26 2026 00:44:06 GMT+0000 (Coordinated Universal Time),"$17,071.21",Deposit - 0x679bb531dcc0851ea724285bf99a2b3576d5600f148f5c7a66c9ed5574b22fd1,undefined <jiaf>,poly.market/aadvark89,t.co
Wed Mar 25 2026 07:31:14 GMT+0000 (Coordinated Universal Time),$500.00,Deposit - 0x0a37074df4d3f18ecb0924262cbbac8f298a246714e5c68690045204656598a4,undefined <OnlyLuck>,poly.market/aadvark89,t.co
Wed Mar 25 2026 06:49:02 GMT+0000 (Coordinated Universal Time),"$9,995.99",Deposit - 0xc6698eb067f2190ece0de077b288a07cd44ef8c661343a319e6c8d68191b475c,undefined <0x120b3E2E98fC4fe8C383C70867fD635669F1eE03-1730491999430>,poly.market/aadvark89,t.co
Wed Mar 25 2026 06:44:05 GMT+0000 (Coordinated Universal Time),"$1,622.19",Deposit - 0x7c012a15852b891e832ae04d2b7feb42c3afab343420bcd27c0fa2e5e9f70d55,undefined <0x120b3E2E98fC4fe8C383C70867fD635669F1eE03-1730491999430>,poly.market/aadvark89,t.co
Wed Mar 25 2026 06:34:04 GMT+0000 (Coordinated Universal Time),$999.49,Deposit - 0x696e10c20d84f72f5e0e737e22c5b75f1fe95e45df68eb0cfe9695071c76db14,undefined <0x120b3E2E98fC4fe8C383C70867fD635669F1eE03-1730491999430>,poly.market/aadvark89,t.co
Wed Mar 25 2026 06:31:09 GMT+0000 (Coordinated Universal Time),$999.49,Deposit - 0xfeaad49a5f3d28c16b857faa02bb84655655387065ea78d10d886074f4c71347,undefined <0x120b3E2E98fC4fe8C383C70867fD635669F1eE03-1730491999430>,poly.market/aadvark89,t.co
Wed Mar 25 2026 00:43:04 GMT+0000 (Coordinated Universal Time),"$4,997.85",Deposit - 0xa67bac03f42c89dd81d77524f4998759e4f765c5dac21d9b112a95fa5cf65445,undefined <igetlitty>,poly.market/aadvark89,(direct)
Tue Mar 24 2026 02:05:02 GMT+0000 (Coordinated Universal Time),$500.00,Deposit - 0xd092883633e5c746c6d12d2364ebb5fc5b84a8a681d5e72e473554d0983db01f,undefined <OnlyLuck>,poly.market/aadvark89,t.co
Mon Mar 23 2026 20:09:56 GMT+0000 (Coordinated Universal Time),$496.63,Deposit - 0x0ca05086e4203f094bf0201bf96d0ba12c6fd6d06161fdb8455745aa31de851f,undefined <OnlyLuck>,poly.market/aadvark89,t.co
Mon Mar 23 2026 19:53:39 GMT+0000 (Coordinated Universal Time),"$9,999.27",Deposit - 0xf1e5a036ca9b6229bc969859c61b3cf42e3480a6b67471851339b8bc8b0e3952,undefined <jiaf>,poly.market/aadvark89,t.co
Mon Mar 23 2026 19:46:00 GMT+0000 (Coordinated Universal Time),$497.98,Deposit - 0x3fa76d149044060a8b0202d0e616062c11fa32d979022f2e2752bd4ae043e09c,undefined <OnlyLuck>,poly.market/aadvark89,t.co
Sun Mar 22 2026 02:02:05 GMT+0000 (Coordinated Universal Time),$500.00,Deposit - 0x907c896afce0e5ca29eb967ccb8921e08cdf95ea70d3fffb29704b5a6fc0f0ca,undefined <OnlyLuck>,poly.market/aadvark89,t.co
Sun Mar 22 2026 01:30:05 GMT+0000 (Coordinated Universal Time),$500.00,Deposit - 0x7d358051303c99dd756642466e19fd497d13fec70a5b1ddabd6ed37192176ef4,undefined <OnlyLuck>,poly.market/aadvark89,t.co
Sat Mar 21 2026 19:26:05 GMT+0000 (Coordinated Universal Time),$499.75,Deposit - 0x8c95c8f0dfffbc14139d6fcaf6e9193d7261e94e672315366da26a239f862a32,undefined <igetlitty>,poly.market/aadvark89,(direct)
Fri Mar 20 2026 14:20:07 GMT+0000 (Coordinated Universal Time),$3.00,Deposit - 0xe044120032deaa13aed4101ffba225169e68648b092693d758b19577eeae413d,undefined <layahel>,poly.market/aadvark89,t.co
Fri Mar 20 2026 02:07:06 GMT+0000 (Coordinated Universal Time),$48.96,Deposit - 0xb53e5f8fca3690baa2efe2ffa6a30add0f581de65c1135aca2cd48d6fd23788a,undefined <jiaf>,poly.market/aadvark89,t.co
Fri Mar 20 2026 02:04:05 GMT+0000 (Coordinated Universal Time),$48.96,Deposit - 0x78bcaff4060e2286d9e2d4eb9253df5bf3c2753ade38f055a7c7d3c5d113a100,undefined <jiaf>,poly.market/aadvark89,t.co
Thu Mar 19 2026 14:46:08 GMT+0000 (Coordinated Universal Time),"$4,947.29",Deposit - 0x6aed1115ea8f144c01e80572aef0d20f0edb87c92df3acc7a7063b5fe4e8ffff,undefined <jiaf>,poly.market/aadvark89,t.co
Thu Mar 19 2026 02:00:13 GMT+0000 (Coordinated Universal Time),"$18,000.00",Deposit - 0x1ba3280e0116e3066dec3d7f5ac7438b9c8e52ef512ed5de86cec0b79aaa1ad3,undefined <degenpingg>,poly.market/aadvark89,t.co
Thu Mar 19 2026 02:00:10 GMT+0000 (Coordinated Universal Time),"$10,000.00",Deposit - 0x36c1ae425cc3c220e99315bc5eb684c67ccbbd5b1f630ce9099bcfd7b06f261d,undefined <degenpingg>,poly.market/aadvark89,t.co
Thu Mar 19 2026 02:00:08 GMT+0000 (Coordinated Universal Time),"$89,000.00",Deposit - 0xfd2b0ec0a103506f1f0a114380f145669da7dbf7d9974787df49f707fa9fb115,undefined <degenpingg>,poly.market/aadvark89,t.co
Tue Mar 17 2026 17:17:21 GMT+0000 (Coordinated Universal Time),"$10,095.95",Deposit - 0x8ff7772fdf68be1a9579b03c618cd898cf8f734784168678420a48e9d95e71cd,undefined <igetlitty>,poly.market/aadvark89,(direct)
Tue Mar 17 2026 14:33:26 GMT+0000 (Coordinated Universal Time),$72.76,Deposit - 0x77ad43a07213133d0e950a7a29d56c2fe8897bdf6632f90b7f46a9c8b179cae6,undefined <paulnads>,poly.market/aadvark89,t.co
Tue Mar 17 2026 10:32:20 GMT+0000 (Coordinated Universal Time),$109.19,Deposit - 0x684f423a674574d42b8a55608f7e220c8a3d7afa5979c4bb4929d230b6775fd3,undefined <paulnads>,poly.market/aadvark89,t.co
Tue Mar 17 2026 06:57:20 GMT+0000 (Coordinated Universal Time),$500.00,Deposit - 0x2a4955f2b4e8d513249569f30e64c8fbdcf9afcd7da45eb5a7daa50550c2e71a,undefined <OnlyLuck>,poly.market/aadvark89,t.co
Mon Mar 16 2026 17:14:25 GMT+0000 (Coordinated Universal Time),$10.24,Deposit - 0x42ddd8d1df95c8a40ee21a0b762366ab64273f4a0c5f0137c7f8797b5c8bb4bb,undefined <paulnads>,poly.market/aadvark89,t.co
Mon Mar 16 2026 04:16:24 GMT+0000 (Coordinated Universal Time),$36.38,Deposit - 0xf1f31bb8163fd72173f03d4c14daaf92cc26ca716f4adbf1ff71ef32c14e328f,undefined <paulnads>,poly.market/aadvark89,t.co
Sun Mar 15 2026 22:31:29 GMT+0000 (Coordinated Universal Time),$999.99,Deposit - 0x9c904775883407c6b86de2ede5baf3421c00ca61a3daed20fbe346fc35555324,undefined <w*******@g****.com>,poly.market/aadvark89,t.co
Sun Mar 15 2026 16:17:21 GMT+0000 (Coordinated Universal Time),$10.46,Deposit - 0x1c19aa21b3eaf24f4138b45f11493f632354e06d94343585bb547dd6a45c3fb1,undefined <chudic>,poly.market/aadvark89,t.co
Sat Mar 14 2026 22:09:23 GMT+0000 (Coordinated Universal Time),"$9,995.98",Deposit - 0x61fd0ad1e9016c184dee7038dc0cc6910479e146d963b0f4983c914f368a6c2d,undefined <igetlitty>,poly.market/aadvark89,(direct)
Sat Mar 14 2026 17:13:19 GMT+0000 (Coordinated Universal Time),"$9,994.99",Deposit - 0x38b277bb04c0b759c636a580144fff8292f35c28774949aca1df322073654100,undefined <igetlitty>,poly.market/aadvark89,(direct)
Sat Mar 14 2026 15:28:22 GMT+0000 (Coordinated Universal Time),"$9,896.31",Deposit - 0x8a86731bd8f571224d8bcf09e74529d16dd4b6bcd01aeed254375779390a341b,undefined <igetlitty>,poly.market/aadvark89,(direct)
Sat Mar 14 2026 10:27:23 GMT+0000 (Coordinated Universal Time),$89.84,Deposit - 0x2932b4c0083af46f26912028708b7b53886cd8de9548b3a3a7a1b87b791e01de,undefined <birusu>,poly.market/aadvark89,t.co
Sat Mar 14 2026 07:13:19 GMT+0000 (Coordinated Universal Time),$49.80,Deposit - 0xc2ff1112c80ade5f632c8fb1367f89b98cbb7446f16ed1b9211d07305a40b55b,undefined <k****@g****.com>,poly.market/aadvark89,(direct)
Sat Mar 14 2026 07:10:17 GMT+0000 (Coordinated Universal Time),$41.09,Deposit - 0xc322e0b6dd423454123754ecc6a8f78a27c02523f3d2491fff5ea74004cdc940,undefined <d****@g****.com>,poly.market/aadvark89,(direct)
Sat Mar 14 2026 03:38:20 GMT+0000 (Coordinated Universal Time),$500.00,Deposit - 0xd8101174d9f2006511fa86ddc4b9b8c509e23d841ca9fcfd174115e54afe9d46,undefined <OnlyLuck>,poly.market/aadvark89,t.co
Wed Mar 11 2026 23:07:22 GMT+0000 (Coordinated Universal Time),"$5,097.68",Deposit - 0x20dd2dbc37507b81627c28844e2d506a7471728fcedaacd83e9dd032a7e085a8,undefined <igetlitty>,poly.market/aadvark89,(direct)
Wed Mar 11 2026 18:28:19 GMT+0000 (Coordinated Universal Time),"$2,598.69",Deposit - 0x535acdf5d5476ebec4374f9e24975fb929901f6203b31c581ee85f71f40e31b8,undefined <birusu>,poly.market/aadvark89,t.co
Tue Mar 10 2026 17:10:32 GMT+0000 (Coordinated Universal Time),$73.29,Deposit - 0x951ee0689d7e774bfccdfdc35521c9b56c7d635b045f2c6ec06225a9ff0f2587,undefined <paulnads>,poly.market/aadvark89,t.co
Tue Mar 10 2026 16:23:24 GMT+0000 (Coordinated Universal Time),$62.33,Deposit - 0x8897f1eb5f730bcd818344b20960ff2174360c069b5187a7058a376473d7ce9b,undefined <paulnads>,poly.market/aadvark89,t.co
Tue Mar 10 2026 00:34:20 GMT+0000 (Coordinated Universal Time),"$9,896.03",Deposit - 0xe422a916219937f1ef6554ca828c71bc25d3083e018144c81a495c5fd0f20b97,undefined <igetlitty>,poly.market/aadvark89,(direct)
Mon Mar 09 2026 08:22:24 GMT+0000 (Coordinated Universal Time),"$10,000.76",Deposit - 0x98343a9163e7e684811e857cd848637bd65588e8bcc284776c5373818439bb0d,undefined <jiaf>,poly.market/aadvark89,t.co
Mon Mar 09 2026 00:01:39 GMT+0000 (Coordinated Universal Time),$500.00,Deposit - 0x8084a37c8fc40e6e7dc6e581009b4dee620c85311c9f4df3311016a94db1ae70,undefined <OnlyLuck>,poly.market/aadvark89,t.co
Sun Mar 08 2026 19:32:22 GMT+0000 (Coordinated Universal Time),$354.86,Deposit - 0xcb261fe8baa82d937b49548141b951a77356843265987d7e1e37713337027527,undefined <birusu>,poly.market/aadvark89,t.co
Sun Mar 08 2026 10:56:19 GMT+0000 (Coordinated Universal Time),$29.26,Deposit - 0x81cffade8e6ff5be223227d04f32b2bc36cc4d88cdc9cd73cf184f27b149a72e,undefined <paulnads>,poly.market/aadvark89,t.co
Sun Mar 08 2026 10:10:22 GMT+0000 (Coordinated Universal Time),$73.74,Deposit - 0xe5b3d71be43312c50421bccd357d0e69eb2fbd1d103e595083a4ffd0cce6babc,undefined <paulnads>,poly.market/aadvark89,t.co
Sun Mar 08 2026 09:32:19 GMT+0000 (Coordinated Universal Time),$73.53,Deposit - 0x08a0c0fbdb2701138d992494ff4329ee120626406e3dbbc29ff27903fd7c646f,undefined <paulnads>,poly.market/aadvark89,t.co
Sun Mar 08 2026 04:41:22 GMT+0000 (Coordinated Universal Time),$394.99,Deposit - 0xeac4bafeebbc1782966be3e2bfe97c56f84b01616c944995978c3da374ff0138,undefined <OnlyLuck>,poly.market/aadvark89,t.co
Sat Mar 07 2026 06:56:16 GMT+0000 (Coordinated Universal Time),$76.58,Deposit - 0x5a7aab0d2257efd870bebcc472afe5ff4b817a4c0bdf7eebb9508884eee22e0a,undefined <paulnads>,poly.market/aadvark89,t.co
Fri Mar 06 2026 12:48:20 GMT+0000 (Coordinated Universal Time),"$9,999.36",Deposit - 0xc99f7cb8108cb34cdf1146b8fecedd30caecb71fe73997173730801b202f097e,undefined <jiaf>,poly.market/aadvark89,t.co
Thu Mar 05 2026 09:43:21 GMT+0000 (Coordinated Universal Time),$98.94,Deposit - 0xc10966dbed03cd460227df2c919e13366f6e2499d484897bae518496088b1b01,undefined <d******@y******.com>,poly.market/aadvark89,t.co
Wed Mar 04 2026 22:29:32 GMT+0000 (Coordinated Universal Time),$5.00,Deposit - 0x3af4e8d5b1fbd0f0acc4ac420588fbe67b60f9c3bcc5bb3fd7faf6a1baa39e27,undefined <chudic>,poly.market/aadvark89,t.co
Mon Mar 02 2026 00:53:04 GMT+0000 (Coordinated Universal Time),$129.03,Deposit - 0xd5bd326d473a31d028f5ebd396e4d5dcc87429949d0c7a0d607e081d5880ac08,undefined <jiaf>,poly.market/aadvark89,t.co
Mon Mar 02 2026 00:52:06 GMT+0000 (Coordinated Universal Time),"$12,871.29",Deposit - 0x180869e4c3b5ebbd4d3f484d8527b52cf1f3984ed3cdc24660cfdaf4f8d9434a,undefined <jiaf>,poly.market/aadvark89,t.co
Sun Mar 01 2026 16:40:06 GMT+0000 (Coordinated Universal Time),$4.99,Deposit - 0xfc76c58ab9c2d788db548e8e00da016086cd01f27ae0687b7d3179da0abbe139,undefined <chaitu945>,poly.market/aadvark89,t.co
Sun Mar 01 2026 05:45:05 GMT+0000 (Coordinated Universal Time),$7.54,Deposit - 0x2ffedf1ffafa3b80ff5fa13efbc12255ad4f4f08de1498eea5cd3092dc49f320,undefined <paulnads>,poly.market/aadvark89,t.co
Sat Feb 28 2026 16:01:27 GMT+0000 (Coordinated Universal Time),$494.19,Deposit - 0x97d02abb635f16d137adb5dd570fef068ca93245d985fdf29ccf9122158d6679,undefined <l*****@g****.com>,poly.market/aadvark89,t.co
Sat Feb 28 2026 15:59:05 GMT+0000 (Coordinated Universal Time),$9.99,Deposit - 0x114893e9920849b332ebb65ba2bd4e3f697841376b9cf43af93b794f93f55b29,undefined <l*****@g****.com>,poly.market/aadvark89,t.co
Sat Feb 28 2026 12:13:06 GMT+0000 (Coordinated Universal Time),$29.79,Deposit - 0x89a53407d09d5a496bcd09b112987f09522f2a81fa2a00dfeaf17c6e599e6404,undefined <Barron.>,poly.market/aadvark89,t.co
Sat Feb 28 2026 12:11:06 GMT+0000 (Coordinated Universal Time),"$3,047.46",Deposit - 0x02dfec0a97f2c18bcfa0318a0dcec71c4568dd26b64f7fb2854e4788081d5d1d,undefined <Barron.>,poly.market/aadvark89,t.co
Fri Feb 27 2026 21:13:10 GMT+0000 (Coordinated Universal Time),$249.99,Deposit - 0x46d4a07ec413c5cbe3037b76bd5e6da0fc5acdd625559f0b8538d32d18c5441f,undefined <w*******@g****.com>,poly.market/aadvark89,t.co
Fri Feb 27 2026 10:43:05 GMT+0000 (Coordinated Universal Time),"$97,999.99",Deposit - 0xde106d0511b554438682e0568a0f1642f10dd5fbde7f18d16fec409e9f72a7a7,undefined <degenpingg>,poly.market/aadvark89,t.co
Fri Feb 27 2026 03:59:05 GMT+0000 (Coordinated Universal Time),$30.95,Deposit - 0xa9cb51fe7328a51425e149112140b5b89b77386c7b265468b03107605f6070f2,undefined <d****@g****.com>,poly.market/aadvark89,(direct)
Tue Feb 24 2026 12:35:10 GMT+0000 (Coordinated Universal Time),"$1,100.00",Deposit - 0x0087e539d747feda8cb93f976b55bea53e5640986150138f525a4e6c9498b09e,undefined <akshatg7>,poly.market/aadvark89,(direct)
Mon Feb 23 2026 18:53:45 GMT+0000 (Coordinated Universal Time),$200.00,Deposit - 0x8174da4ba72e0e5460c26eb03b5b5917b85fa80f9e5e11c3a5aa7b162ee61a98,undefined <jspfrr>,poly.market/aadvark89,t.co
Mon Feb 23 2026 07:25:44 GMT+0000 (Coordinated Universal Time),$250.00,Deposit - 0x9e659d25f17fc48d7215c8ba55cb4a7bb69b2ca546f5804aba2c7c58e88bcfcf,undefined <OnlyLuck>,poly.market/aadvark89,t.co
Mon Feb 23 2026 00:30:43 GMT+0000 (Coordinated Universal Time),"$7,596.49",Deposit - 0x1c35c42a75a522cd975e7046dcb79f68215c969cf9bba3a426c17ed4bdefea4b,undefined <igetlitty>,poly.market/aadvark89,(direct)
Sun Feb 22 2026 18:13:47 GMT+0000 (Coordinated Universal Time),"$9,896.03",Deposit - 0xb6dd6bce3bfc3bbb5e71c5b26d9dff590090623da2d3a1e9e31a63c0396ebc88,undefined <igetlitty>,poly.market/aadvark89,(direct)
Sun Feb 22 2026 09:31:43 GMT+0000 (Coordinated Universal Time),$89.94,Deposit - 0x8fd3936c75fb67b8fcc7ffdf3cc3191bd12ed1ac5aefb63b71d5c8700cb17cb6,undefined <Nitin988>,poly.market/aadvark89,t.co
Sun Feb 22 2026 03:36:45 GMT+0000 (Coordinated Universal Time),"$9,896.03",Deposit - 0x7e3b064722679b81903080db4f20ac1f16428ae372a57622c0fd7fa62ade7f62,undefined <igetlitty>,poly.market/aadvark89,(direct)
Sat Feb 21 2026 10:27:43 GMT+0000 (Coordinated Universal Time),$15.80,Deposit - 0x17f1717c01ada5e82e98e3a8bc7627901c6cf38c880a7f0d2a22560e758a01f9,undefined <layahel>,poly.market/aadvark89,t.co
Sat Feb 21 2026 09:07:44 GMT+0000 (Coordinated Universal Time),$31.46,Deposit - 0x795ebabfb5133dc1e222f518df2d9a856454e0e3086575b9209e669c53834598,undefined <paulnads>,poly.market/aadvark89,t.co
Sat Feb 21 2026 08:31:44 GMT+0000 (Coordinated Universal Time),$118.99,Deposit - 0xd6838dfebd4a0c3882c7b1af11b6752bfb9dfd36ae02e5aaffe24ee45ba1f32b,undefined <layahel>,poly.market/aadvark89,t.co
Sat Feb 21 2026 08:00:45 GMT+0000 (Coordinated Universal Time),"$5,997.92",Deposit - 0xa7ebbd800fcc099986dacdc502cd474932f10252771166265e04777c1171e708,undefined <jiaf>,poly.market/aadvark89,t.co
Sat Feb 21 2026 07:28:43 GMT+0000 (Coordinated Universal Time),$48.82,Deposit - 0x3e0dbb327a54d470926bc588f108e4d8f7f9b88f70da07ee2788923bf0ce06c7,undefined <k****@g****.com>,poly.market/aadvark89,(direct)
Fri Feb 20 2026 03:03:58 GMT+0000 (Coordinated Universal Time),$298.84,Deposit - 0x6db45f9db22ccb03019a91327e1032f8cd53c24af459dd460b5a128b3af2fff4,undefined <d******@y******.com>,poly.market/aadvark89,t.co
Thu Feb 19 2026 14:55:56 GMT+0000 (Coordinated Universal Time),$25.13,Deposit - 0xa2efa1c1755fe2e18ef9c9e42902aa2dd3297a91be1208133655e5ee0142a621,undefined <gameoftrade>,poly.market/aadvark89,(direct)
Thu Feb 19 2026 13:23:56 GMT+0000 (Coordinated Universal Time),$58.65,Deposit - 0x547abe747cbab0d89a737a80efaca37af7f4d529dcbcfcb79268d011d480bf45,undefined <iwdkh>,poly.market/aadvark89,(direct)
Wed Feb 18 2026 21:36:56 GMT+0000 (Coordinated Universal Time),$400.00,Deposit - 0xbe208f6b05f04d7bc90cdfb2793e34818b2be12d5f3bc362a0a480a2febf136e,undefined <akshatg7>,poly.market/aadvark89,(direct)
Wed Feb 18 2026 17:14:55 GMT+0000 (Coordinated Universal Time),"$9,995.99",Deposit - 0x8b155fd8af8fed7bbb9a16cf1eb304c0adf1ea1c93c6be9ec36544fc64f67b8c,undefined <igetlitty>,poly.market/aadvark89,(direct)
Wed Feb 18 2026 10:58:57 GMT+0000 (Coordinated Universal Time),$40.00,Deposit - 0xb6426b18f88ab3bd6fd5b10bd80ede1b418a382f983c153d7bf28e4a9e2b8667,undefined <SarveshAdekar>,poly.market/aadvark89,(direct)
Tue Feb 17 2026 17:45:00 GMT+0000 (Coordinated Universal Time),"$9,995.99",Deposit - 0xe56f6147e58cdfa7c44084519a96f37eb6af262def4294fc2b88ad73c83732a3,undefined <igetlitty>,poly.market/aadvark89,(direct)
Tue Feb 17 2026 07:24:54 GMT+0000 (Coordinated Universal Time),$101.04,Deposit - 0xf7c1b122ace0fd531652516e09578d917470fbc57e16e249b8a8c372f9e0a51b,undefined <OnlyLuck>,poly.market/aadvark89,t.co
Tue Feb 17 2026 01:15:58 GMT+0000 (Coordinated Universal Time),$49.00,Deposit - 0x50b2dfcf10c332fb535918495675465622677b3b2a303b2baa707844d5c306b1,undefined <jiaf>,poly.market/aadvark89,t.co
Tue Feb 17 2026 01:15:56 GMT+0000 (Coordinated Universal Time),"$4,948.67",Deposit - 0x044194ea4ca20e63fe260a46036fa5d2a2d36066f12905a8620b782119c9b3de,undefined <jiaf>,poly.market/aadvark89,t.co
Tue Feb 17 2026 00:24:01 GMT+0000 (Coordinated Universal Time),$148.52,Deposit - 0xf9d285379c5aef3097dda04084db31c0356836927be67521bfac0ff3b55c520e,undefined <igetlitty>,poly.market/aadvark89,(direct)
Tue Feb 17 2026 00:23:58 GMT+0000 (Coordinated Universal Time),"$14,894.06",Deposit - 0xb6fbb1feae10cbb453d7dc574a6376976ba8b5d61947743d49aa8b17a654f23c,undefined <igetlitty>,poly.market/aadvark89,(direct)
Mon Feb 16 2026 16:32:55 GMT+0000 (Coordinated Universal Time),$76.44,Deposit - 0xcf6481db884f3ec3d1f83406f5c6504bbaadec8e79d6d941474a7a8c01c6f2cc,undefined <k****@g****.com>,poly.market/aadvark89,(direct)
Mon Feb 16 2026 16:31:12 GMT+0000 (Coordinated Universal Time),$92.10,Deposit - 0x7eba732c24b0d8194bfac4c54446a5812aa452a279574372b7541df97a8796b6,undefined <d****@g****.com>,poly.market/aadvark89,(direct)
Mon Feb 16 2026 11:01:55 GMT+0000 (Coordinated Universal Time),$478.30,Deposit - 0x5e0449d26fee93665a7fcdee9fdeb9084a33e14e696039d7a7c3aa06eb4102df,undefined <Barron.>,poly.market/aadvark89,t.co
Sun Feb 15 2026 13:09:56 GMT+0000 (Coordinated Universal Time),$812.68,Deposit - 0x727d248259b9018d58d0c1494052a3bb3822dbd2e23d634650fddd3c025425e0,undefined <Barron.>,poly.market/aadvark89,t.co
Sun Feb 15 2026 09:49:56 GMT+0000 (Coordinated Universal Time),"$2,997.51",Deposit - 0x540ea75a08ac35e604ac4b36b6f3b75494b0103086ef78998d0caf238a768394,undefined <jiaf>,poly.market/aadvark89,t.co
Sat Feb 14 2026 17:11:58 GMT+0000 (Coordinated Universal Time),"$5,008.87",Deposit - 0x517b9e373f25b14154b418837cd0ef408e76c063ade318cd1c993460731751e3,undefined <igetlitty>,poly.market/aadvark89,(direct)
Sat Feb 14 2026 04:58:56 GMT+0000 (Coordinated Universal Time),$95.49,Deposit - 0x0f8fef0c78991fa9f6216047a077a6896d672d18185def8c315be563ee8f1f29,undefined <d****@g****.com>,poly.market/aadvark89,(direct)
Fri Feb 13 2026 14:49:46 GMT+0000 (Coordinated Universal Time),$99.89,Deposit - 0xf9a9eabeeb06e7ee3ff8e608da74574c007ad070810e91f0cf127d14fdefdb79,undefined <Nitin988>,poly.market/aadvark89,t.co
Fri Feb 13 2026 12:46:44 GMT+0000 (Coordinated Universal Time),$998.17,Deposit - 0x7bcfe814618355fc2064b8f0a7267ebce37b70aa4f42023d0f1bb117c9c96389,undefined <jiaf>,poly.market/aadvark89,t.co
Fri Feb 13 2026 09:24:46 GMT+0000 (Coordinated Universal Time),$18.72,Deposit - 0x6acac8840ea307e8d24d3a24311b3a2ac773c71362f3afee686b0d0dd2376a85,undefined <SarveshAdekar>,poly.market/aadvark89,(direct)
Fri Feb 13 2026 01:21:50 GMT+0000 (Coordinated Universal Time),$21.06,Deposit - 0x02d91baea2c6510c0822735a4b7a6f265fd9d472c01d461f697ca1116241c3d6,undefined <d******@y******.com>,poly.market/aadvark89,t.co
Fri Feb 13 2026 01:13:45 GMT+0000 (Coordinated Universal Time),"$10,056.03",Deposit - 0xbd027f41bdaeae4a32bb226f5e1b32889779495104d78e31367f7e7b6ecf22d0,undefined <jiaf>,poly.market/aadvark89,t.co
Fri Feb 13 2026 01:12:47 GMT+0000 (Coordinated Universal Time),"$1,998.99",Deposit - 0x338c191c1366d4090ac957d820e928f0d7c5ed09650465a97d729d518e51da58,undefined <jiaf>,poly.market/aadvark89,t.co
Fri Feb 13 2026 01:11:43 GMT+0000 (Coordinated Universal Time),$10.99,Deposit - 0x33fc3a8a33d0c5ec5deb3c606243d2cf96ca078c54e6c69e06abfc37fa0c1642,undefined <jiaf>,poly.market/aadvark89,t.co
Fri Feb 13 2026 00:59:45 GMT+0000 (Coordinated Universal Time),"$7,197.60",Deposit - 0xf77fb304e3cbeaff5b67955c4b9d708f9ddb0c50782665f5f29af8f7b7e62f09,undefined <jiaf>,poly.market/aadvark89,t.co
Thu Feb 12 2026 23:54:23 GMT+0000 (Coordinated Universal Time),$39.42,Deposit - 0x6fe5a10f091f7693e691f8d1b1109cdb9ddd917c782c5c36794f089ba15641c6,undefined <0xb9aad67501a0080F0191F5F6710c1CD454a64CaD-1763086689201>,poly.market/aadvark89,(direct)
Thu Feb 12 2026 17:31:22 GMT+0000 (Coordinated Universal Time),$96.99,Deposit - 0x3c840895ae3384bc2f63cc789b06ca590505402fc2fff14744ecb25d7dc08bd1,undefined <Sughnen>,poly.market/aadvark89,t.co
Thu Feb 12 2026 11:18:31 GMT+0000 (Coordinated Universal Time),$25.87,Deposit - 0xdb8084e631617d878784a9bc74aa529ebe4d5087f18cc5be423fccf1b0aa5654,undefined <layahel>,poly.market/aadvark89,t.co
Thu Feb 12 2026 08:53:24 GMT+0000 (Coordinated Universal Time),$100.00,Deposit - 0xc9171ff299c1f83dfb2f0be537977ac3412540171cb59bf9d675a12ed6251796,undefined <OnlyLuck>,poly.market/aadvark89,t.co
Wed Feb 11 2026 18:34:26 GMT+0000 (Coordinated Universal Time),$4.65,Deposit - 0x968b4a9a9bb24bfd4d065e59335cfa5dec819f692e72cc3ff8855ad68700a70a,undefined <m****@g****.com>,poly.market/aadvark89,polymarket.com
Tue Feb 10 2026 15:51:37 GMT+0000 (Coordinated Universal Time),$14.00,Deposit - 0xee4853dcc5ca62711b50f65658f6a3239886369970e1256b01161632adf7a01a,undefined <SarveshAdekar>,poly.market/aadvark89,(direct)
Tue Feb 10 2026 09:14:37 GMT+0000 (Coordinated Universal Time),$88.89,Deposit - 0xef2d80c016f9275a1c57e58cc36fbdfeaeb87d723884dab5db2f53364c339627,undefined <OnlyLuck>,poly.market/aadvark89,t.co
Mon Feb 09 2026 22:16:38 GMT+0000 (Coordinated Universal Time),$11.88,Deposit - 0x1152ed0c862aaf6e96185756635ec33af6f9f307788aeeb9464e8a31c32671a8,undefined <0xeBAbBc2B3359797b078008F222eeeA7dac2625cA-1763125123290>,poly.market/aadvark89,t.co
Sun Feb 08 2026 10:37:21 GMT+0000 (Coordinated Universal Time),"$96,999.99",Deposit - 0xfe71da16a99cc88f0f1b40588c0bed8da92e2e594872f99596fe5a3d637537a2,undefined <degenpingg>,poly.market/aadvark89,t.co
Fri Feb 06 2026 06:45:18 GMT+0000 (Coordinated Universal Time),$30.01,Deposit - 0xdab1a68f6d7e5af3fc50c7a799c15aa1bee19d1495ccfece3a5f5582c40a6469,undefined <SarveshAdekar>,poly.market/aadvark89,(direct)
Fri Feb 06 2026 01:40:16 GMT+0000 (Coordinated Universal Time),$96.30,Deposit - 0x0751777f1f0b5891db07492471f4172189ac8c0e903ece1d35b68dfd4043b465,undefined <d******@y******.com>,poly.market/aadvark89,t.co
Thu Feb 05 2026 13:18:57 GMT+0000 (Coordinated Universal Time),$49.00,Deposit - 0x95c1edcffebfd8446bffaa93d5f8e590f4196f6e3324065bd96745f59cefbc21,undefined <m****@g****.com>,poly.market/aadvark89,polymarket.com
Thu Feb 05 2026 13:11:57 GMT+0000 (Coordinated Universal Time),"$11,349.87",Deposit - 0xb4dab4660726edfa1fe23b1a1af13092863545ce785596f7069073ff7fc8a0ba,undefined <igetlitty>,poly.market/aadvark89,(direct)
Tue Feb 03 2026 11:27:46 GMT+0000 (Coordinated Universal Time),$30.21,Deposit - 0x73634ff446516d252b8d891b96dfd3b038ac141e26418feaf8838df9e682d1de,undefined <m****@g****.com>,poly.market/aadvark89,polymarket.com
Mon Feb 02 2026 15:49:55 GMT+0000 (Coordinated Universal Time),"$3,312.24",Deposit - 0xb5adcd876e1f45d043481a718517caba8e706767f79374a531860adc97c3fd1b,undefined <Barron.>,poly.market/aadvark89,t.co
Sun Feb 01 2026 03:57:54 GMT+0000 (Coordinated Universal Time),"$9,995.96",Deposit - 0x400ddb056fad65c233884352d797084e000886ef4f3898cdb614ecfe30034aac,undefined <igetlitty>,poly.market/aadvark89,(direct)
Sun Feb 01 2026 03:49:54 GMT+0000 (Coordinated Universal Time),"$9,989.93",Deposit - 0x7bdc3f9bde1e93d5db74087050a67b95013b4141187808c905cc096e6fcf42d2,undefined <igetlitty>,poly.market/aadvark89,(direct)
Sat Jan 31 2026 20:03:54 GMT+0000 (Coordinated Universal Time),"$7,480.76",Deposit - 0x683d71b95f70dcbcf3d81c3e6a9727f3837220090c7db7643ddd1bb4034923f2,undefined <igetlitty>,poly.market/aadvark89,(direct)
Sat Jan 31 2026 15:57:54 GMT+0000 (Coordinated Universal Time),$49.97,Deposit - 0xe153a8ae8c4575265179330ffe24fc02d16f4aeb535c387e08e10c52163ef42c,undefined <Nitin988>,poly.market/aadvark89,t.co
Fri Jan 30 2026 22:08:21 GMT+0000 (Coordinated Universal Time),$700.00,Deposit - 0x560d707da6714aa9127fec1e777bc42225b5c0c870265057722554261ee5af75,undefined <w*******@g****.com>,poly.market/aadvark89,t.co
Fri Jan 30 2026 15:20:25 GMT+0000 (Coordinated Universal Time),$20.00,Deposit - 0x6b23f212b97ffba6ce88ebf4e445551bf0cf54ebe9baa732ae666193f273a8ac,undefined <SarveshAdekar>,poly.market/aadvark89,(direct)
Fri Jan 30 2026 04:49:22 GMT+0000 (Coordinated Universal Time),"$4,997.49",Deposit - 0xa1c1d8a2dc4c8a602325e29488b6180441f8574de23389a78c9b07abe3c3fd06,undefined <igetlitty>,poly.market/aadvark89,(direct)
Fri Jan 30 2026 02:27:23 GMT+0000 (Coordinated Universal Time),$422.69,Deposit - 0x51aec18e50e4bfd98656ba693a0492573955e96522e53bc4501f5dd288586187,undefined <Futboldude>,poly.market/aadvark89,t.co
Fri Jan 30 2026 02:08:25 GMT+0000 (Coordinated Universal Time),$40.21,Deposit - 0xd02efe71caab7f0bc4b0c216c49511d868b299ecd60bd7382a86df9e922a5b47,undefined <jiaf>,poly.market/aadvark89,t.co
Thu Jan 29 2026 23:55:42 GMT+0000 (Coordinated Universal Time),"$2,003.99",Deposit - 0x4e859f726089a0b65220f9de670aebf8051281a573dc8a90777889cfc9fe4e47,undefined <igetlitty>,poly.market/aadvark89,(direct)
Thu Jan 29 2026 14:09:23 GMT+0000 (Coordinated Universal Time),$37.82,Deposit - 0x5369916d203555fdafc202a308931b1fa90a6240cca9bd0a86901e3ab1464e32,undefined <Barron.>,poly.market/aadvark89,t.co
Thu Jan 29 2026 06:52:20 GMT+0000 (Coordinated Universal Time),$29.67,Deposit - 0x8400bcf6f193ab1ca5fba11f3e4b91a6f6480b3dd7e768a366d1af93f44ba5cb,undefined <d*******@g****.com>,poly.market/aadvark89,t.co
Wed Jan 28 2026 16:07:15 GMT+0000 (Coordinated Universal Time),$109.93,Deposit - 0x2d3972d7b18a2a793977dbf12b43cc3d588f4be86abc77f60142e8f8ca9883b7,undefined <Nitin988>,poly.market/aadvark89,t.co
Wed Jan 28 2026 14:33:27 GMT+0000 (Coordinated Universal Time),"$3,893.38",Deposit - 0xe9820a06e700738980f1fb594bde1f60ecad8b0e9b07de3551ce8dfe46c400ce,undefined <Barron.>,poly.market/aadvark89,t.co
Mon Jan 26 2026 21:09:18 GMT+0000 (Coordinated Universal Time),$499.81,Deposit - 0x949e4c9fb44c4c95907c93f0dec10492d29724c9d440df50ee3639e7ca7648ed,undefined <w*******@g****.com>,poly.market/aadvark89,t.co
Mon Jan 26 2026 08:12:20 GMT+0000 (Coordinated Universal Time),"$4,981.99",Deposit - 0xf42a37c6b948467934cc8691f3132b6600619bba2c89c6c0124b0ef3e58c6494,undefined <n******@g****.com>,poly.market/aadvark89,t.co
Sun Jan 25 2026 18:17:18 GMT+0000 (Coordinated Universal Time),$50.00,Deposit - 0xdc8aff6d814d964ba21121b06c6ee6f00f094e5df7279c008c1e017b9868c265,undefined <chaitu945>,poly.market/aadvark89,t.co
Sun Jan 25 2026 13:22:19 GMT+0000 (Coordinated Universal Time),$49.96,Deposit - 0xdbd0893405e6e64d4800498cf87cfede3094bccfcd6d5993f9fbc697db142633,undefined <Nitin988>,poly.market/aadvark89,t.co
Sat Jan 24 2026 19:55:19 GMT+0000 (Coordinated Universal Time),"$9,868.35",Deposit - 0xa40b36ccfe7e378629b10a41ed1bfc97d535e9019a6a60266f5fb4fbea29d210,undefined <minini>,poly.market/aadvark89,t.co
Fri Jan 23 2026 13:08:42 GMT+0000 (Coordinated Universal Time),$49.96,Deposit - 0xd05facceef68b1529476c7317a7151f949e2eab8e59f06ae740984be5f4bdcdd,undefined <Nitin988>,poly.market/aadvark89,t.co
Fri Jan 23 2026 12:47:43 GMT+0000 (Coordinated Universal Time),$498.19,Deposit - 0xb8cae06a9badb600ea45b4737d3b203e69bf08463619588f6c1134cf677a4b9c,undefined <n******@g****.com>,poly.market/aadvark89,t.co
Thu Jan 22 2026 15:54:57 GMT+0000 (Coordinated Universal Time),$99.72,Deposit - 0x02da9fc3bbb23fb8f500db1239b49fd28203f50698cc803502bdb9c8301ba37e,undefined <t*****@g****.com>,poly.market/aadvark89,t.co
Wed Jan 21 2026 14:30:16 GMT+0000 (Coordinated Universal Time),$49.96,Deposit - 0x5d592cdd8d53ed645ac4a740383e171c961f4190c8333b486d430ec22ecbfe71,undefined <Nitin988>,poly.market/aadvark89,t.co
Tue Jan 20 2026 18:14:15 GMT+0000 (Coordinated Universal Time),"$4,997.50",Deposit - 0xe6481e36bc7a01b69b013f4e9c56be3243e1bb81cbd2e0c0e595d29268e9eade,undefined <OnlyLuck>,poly.market/aadvark89,t.co
Tue Jan 20 2026 16:10:18 GMT+0000 (Coordinated Universal Time),"$19,988.61",Deposit - 0x1791cb53b255da97967e4caee27db92b6c1e3a515698d847405cd4bfdd428c01,undefined <mazan>,poly.market/aadvark89,t.co
Mon Jan 19 2026 17:32:47 GMT+0000 (Coordinated Universal Time),"$1,131.90",Deposit,undefined <paulnads>,poly.market/aadvark89,t.co
Mon Jan 19 2026 17:05:07 GMT+0000 (Coordinated Universal Time),"$2,197.89",Deposit,undefined <igetlitty>,poly.market/aadvark89,(direct)
Mon Jan 19 2026 16:39:23 GMT+0000 (Coordinated Universal Time),$99.61,Deposit,undefined <n******@g****.com>,poly.market/aadvark89,t.co
Mon Jan 19 2026 13:01:55 GMT+0000 (Coordinated Universal Time),"$3,000.00",Deposit,undefined <Barron.>,poly.market/aadvark89,t.co
Mon Jan 19 2026 12:01:48 GMT+0000 (Coordinated Universal Time),$249.82,Deposit,undefined <paulnads>,poly.market/aadvark89,t.co
Mon Jan 19 2026 11:11:36 GMT+0000 (Coordinated Universal Time),$499.52,Deposit,undefined <paulnads>,poly.market/aadvark89,t.co
Sun Jan 18 2026 21:35:37 GMT+0000 (Coordinated Universal Time),$60.00,Deposit,undefined <akshatg7>,poly.market/aadvark89,(direct)
Sun Jan 18 2026 21:01:57 GMT+0000 (Coordinated Universal Time),$150.00,Deposit,undefined <akshatg7>,poly.market/aadvark89,(direct)
Sun Jan 18 2026 11:43:40 GMT+0000 (Coordinated Universal Time),$499.60,Deposit,undefined <paulnads>,poly.market/aadvark89,t.co
Sun Jan 18 2026 11:36:57 GMT+0000 (Coordinated Universal Time),$39.73,Deposit,undefined <SarveshAdekar>,poly.market/aadvark89,(direct)
Sun Jan 18 2026 11:36:35 GMT+0000 (Coordinated Universal Time),$39.73,Deposit,undefined <SarveshAdekar>,poly.market/aadvark89,(direct)
Sun Jan 18 2026 09:51:38 GMT+0000 (Coordinated Universal Time),$770.99,Deposit,undefined <paulnads>,poly.market/aadvark89,t.co
Sun Jan 18 2026 09:28:05 GMT+0000 (Coordinated Universal Time),$1.88,Deposit,undefined <d*******@g****.com>,poly.market/aadvark89,t.co
Sun Jan 18 2026 07:36:42 GMT+0000 (Coordinated Universal Time),$13.34,Deposit,undefined <d*******@g****.com>,poly.market/aadvark89,t.co
Sun Jan 18 2026 06:45:35 GMT+0000 (Coordinated Universal Time),$348.26,Deposit,undefined <paulnads>,poly.market/aadvark89,t.co
Sun Jan 18 2026 06:44:36 GMT+0000 (Coordinated Universal Time),$288.40,Deposit,undefined <paulnads>,poly.market/aadvark89,t.co
Sun Jan 18 2026 02:37:35 GMT+0000 (Coordinated Universal Time),$39.98,Deposit,undefined <0xb9aad67501a0080F0191F5F6710c1CD454a64CaD-1763086689201>,poly.market/aadvark89,(direct)
Sun Jan 18 2026 02:35:35 GMT+0000 (Coordinated Universal Time),$39.98,Deposit,undefined <0xb9aad67501a0080F0191F5F6710c1CD454a64CaD-1763086689201>,poly.market/aadvark89,(direct)
Sat Jan 17 2026 10:10:47 GMT+0000 (Coordinated Universal Time),$13.20,Deposit,undefined <0xPAF>,poly.market/aadvark89,t.co
Fri Jan 16 2026 21:56:19 GMT+0000 (Coordinated Universal Time),$150.00,Deposit,undefined <akshatg7>,poly.market/aadvark89,(direct)
Fri Jan 16 2026 18:34:20 GMT+0000 (Coordinated Universal Time),$499.69,Deposit,undefined <fakegcr>,poly.market/aadvark89,t.co
Fri Jan 16 2026 10:00:09 GMT+0000 (Coordinated Universal Time),$440.61,Deposit,undefined <paulnads>,poly.market/aadvark89,t.co
Fri Jan 16 2026 06:11:16 GMT+0000 (Coordinated Universal Time),$484.81,Deposit,undefined <paulnads>,poly.market/aadvark89,t.co
Thu Jan 15 2026 10:07:27 GMT+0000 (Coordinated Universal Time),"$1,134.49",Deposit,undefined <paulnads>,poly.market/aadvark89,t.co
Thu Jan 15 2026 10:07:26 GMT+0000 (Coordinated Universal Time),"$1,134.49",Deposit,undefined <paulnads>,poly.market/aadvark89,t.co
Thu Jan 15 2026 09:04:38 GMT+0000 (Coordinated Universal Time),"$1,128.49",Deposit,undefined <paulnads>,poly.market/aadvark89,t.co
Thu Jan 15 2026 09:04:38 GMT+0000 (Coordinated Universal Time),"$1,128.49",Deposit,undefined <paulnads>,poly.market/aadvark89,t.co
Thu Jan 15 2026 06:22:34 GMT+0000 (Coordinated Universal Time),"$1,123.25",Deposit,undefined <paulnads>,poly.market/aadvark89,t.co
Wed Jan 14 2026 12:47:57 GMT+0000 (Coordinated Universal Time),$0.01,Deposit,undefined <Nitin988>,poly.market/aadvark89,t.co
Wed Jan 14 2026 12:45:54 GMT+0000 (Coordinated Universal Time),$0.01,Deposit,undefined <Nitin988>,poly.market/aadvark89,t.co
Tue Jan 13 2026 18:06:15 GMT+0000 (Coordinated Universal Time),$203.98,Deposit,undefined <d******@y******.com>,poly.market/aadvark89,t.co
Sun Jan 11 2026 17:37:21 GMT+0000 (Coordinated Universal Time),"$18,655.00",Deposit,undefined <Futboldude>,poly.market/aadvark89,t.co
Sun Jan 11 2026 17:37:21 GMT+0000 (Coordinated Universal Time),"$18,655.00",Deposit,undefined <Futboldude>,poly.market/aadvark89,t.co
Sun Jan 11 2026 17:37:21 GMT+0000 (Coordinated Universal Time),"$18,655.00",Deposit,undefined <Futboldude>,poly.market/aadvark89,t.co
Sun Jan 11 2026 17:16:14 GMT+0000 (Coordinated Universal Time),"$4,668.00",Deposit,undefined <Futboldude>,poly.market/aadvark89,t.co
Sun Jan 11 2026 16:29:53 GMT+0000 (Coordinated Universal Time),"$1,224.00",Deposit,undefined <Futboldude>,poly.market/aadvark89,t.co
Sun Jan 11 2026 12:52:12 GMT+0000 (Coordinated Universal Time),$2.07,Deposit,undefined <d*******@g****.com>,poly.market/aadvark89,t.co
Sat Jan 10 2026 11:49:55 GMT+0000 (Coordinated Universal Time),$42.12,Deposit,undefined <d******@y******.com>,poly.market/aadvark89,t.co
Sat Jan 10 2026 10:32:44 GMT+0000 (Coordinated Universal Time),"$1,600.00",Deposit,undefined <a******@g****.com>,poly.market/aadvark89,t.co
Sat Jan 10 2026 07:51:47 GMT+0000 (Coordinated Universal Time),$400.06,Deposit,undefined <Futboldude>,poly.market/aadvark89,t.co
Sat Jan 10 2026 07:24:41 GMT+0000 (Coordinated Universal Time),$502.15,Deposit,undefined <Futboldude>,poly.market/aadvark89,t.co
Sat Jan 10 2026 04:39:22 GMT+0000 (Coordinated Universal Time),$79.41,Deposit,undefined <Futboldude>,poly.market/aadvark89,t.co
Sat Jan 10 2026 01:00:34 GMT+0000 (Coordinated Universal Time),"$4,900.00",Deposit,undefined <Futboldude>,poly.market/aadvark89,t.co
Wed Jan 07 2026 18:13:26 GMT+0000 (Coordinated Universal Time),$23.18,Deposit,undefined <MCG>,poly.market/aadvark89,t.co
Wed Jan 07 2026 17:26:51 GMT+0000 (Coordinated Universal Time),$161.00,Deposit,undefined <a******@g****.com>,poly.market/aadvark89,t.co
Wed Jan 07 2026 16:21:50 GMT+0000 (Coordinated Universal Time),$100.44,Deposit,undefined <mdkousik120>,poly.market/aadvark89,t.co
Wed Jan 07 2026 16:21:50 GMT+0000 (Coordinated Universal Time),$100.44,Deposit,undefined <mdkousik120>,poly.market/aadvark89,t.co
Wed Jan 07 2026 15:23:29 GMT+0000 (Coordinated Universal Time),$50.00,Deposit,undefined <Lehnwa>,poly.market/aadvark89,t.co
Wed Jan 07 2026 15:22:47 GMT+0000 (Coordinated Universal Time),$100.00,Deposit,undefined <Lehnwa>,poly.market/aadvark89,t.co
Wed Jan 07 2026 10:58:17 GMT+0000 (Coordinated Universal Time),$198.87,Deposit,undefined <Conservateur>,poly.market/aadvark89,t.co
Wed Jan 07 2026 10:57:12 GMT+0000 (Coordinated Universal Time),$5.46,Deposit,undefined <Conservateur>,poly.market/aadvark89,t.co
Tue Jan 06 2026 17:12:24 GMT+0000 (Coordinated Universal Time),$10.02,Deposit,undefined <chudic>,poly.market/aadvark89,t.co
Tue Jan 06 2026 11:49:44 GMT+0000 (Coordinated Universal Time),$599.25,Deposit,undefined <fcukmetadao>,poly.market/aadvark89,t.co
Mon Jan 05 2026 21:23:57 GMT+0000 (Coordinated Universal Time),$5.55,Deposit,undefined <MCG>,poly.market/aadvark89,t.co
Sun Jan 04 2026 18:58:18 GMT+0000 (Coordinated Universal Time),"$2,069.00",Deposit,undefined <ninics>,poly.market/aadvark89,t.co
Sun Jan 04 2026 18:58:15 GMT+0000 (Coordinated Universal Time),"$2,069.00",Deposit,undefined <ninics>,poly.market/aadvark89,t.co
Sun Jan 04 2026 18:57:13 GMT+0000 (Coordinated Universal Time),$999.11,Deposit,undefined <ninics>,poly.market/aadvark89,t.co
Sun Jan 04 2026 14:42:28 GMT+0000 (Coordinated Universal Time),$49.93,Deposit,undefined <t*****@g****.com>,poly.market/aadvark89,t.co
Sat Jan 03 2026 18:26:45 GMT+0000 (Coordinated Universal Time),$13.98,Deposit,undefined <MCG>,poly.market/aadvark89,t.co
Sat Jan 03 2026 11:27:23 GMT+0000 (Coordinated Universal Time),$999.99,Deposit,undefined <paulnads>,poly.market/aadvark89,t.co
Sat Jan 03 2026 07:34:58 GMT+0000 (Coordinated Universal Time),$0.01,Deposit,undefined <paulnads>,poly.market/aadvark89,t.co
Fri Jan 02 2026 16:26:43 GMT+0000 (Coordinated Universal Time),$920.91,Deposit,undefined <ninics>,poly.market/aadvark89,t.co
Tue Dec 30 2025 09:17:25 GMT+0000 (Coordinated Universal Time),$24.70,Deposit,undefined <rwhbhui>,poly.market/aadvark89,(direct)
Tue Dec 30 2025 06:56:13 GMT+0000 (Coordinated Universal Time),$498.20,Deposit,undefined <d******@i*******.finance>,poly.market/aadvark89,(direct)
Tue Dec 30 2025 05:11:39 GMT+0000 (Coordinated Universal Time),$498.19,Deposit,undefined <d******@i*******.finance>,poly.market/aadvark89,(direct)
Tue Dec 30 2025 03:44:36 GMT+0000 (Coordinated Universal Time),$24.27,Deposit,undefined <bhdbnwkj>,poly.market/aadvark89,(direct)
Tue Dec 30 2025 03:40:35 GMT+0000 (Coordinated Universal Time),$24.23,Deposit,undefined <dgwjj>,poly.market/aadvark89,(direct)
Tue Dec 30 2025 03:38:29 GMT+0000 (Coordinated Universal Time),$1.31,Deposit,undefined <hbsmn>,poly.market/aadvark89,(direct)
Tue Dec 30 2025 03:25:23 GMT+0000 (Coordinated Universal Time),$25.49,Deposit,undefined <ygcebjhj>,poly.market/aadvark89,(direct)
Tue Dec 30 2025 03:24:25 GMT+0000 (Coordinated Universal Time),$0.64,Deposit,undefined <xttfytu>,poly.market/aadvark89,(direct)
Tue Dec 30 2025 03:18:17 GMT+0000 (Coordinated Universal Time),$1.31,Deposit,undefined <uxmnbjkn>,poly.market/aadvark89,(direct)
Tue Dec 30 2025 03:16:52 GMT+0000 (Coordinated Universal Time),$24.43,Deposit,undefined <uxmnbjkn>,poly.market/aadvark89,(direct)
Tue Dec 30 2025 03:15:54 GMT+0000 (Coordinated Universal Time),$26.61,Deposit,undefined <ysdbakj>,poly.market/aadvark89,(direct)
Tue Dec 30 2025 03:07:21 GMT+0000 (Coordinated Universal Time),$24.30,Deposit,undefined <oshwgdvjh>,poly.market/aadvark89,(direct)
Tue Dec 30 2025 03:06:28 GMT+0000 (Coordinated Universal Time),$25.11,Deposit,undefined <gameoftrade>,poly.market/aadvark89,(direct)
Tue Dec 30 2025 02:58:16 GMT+0000 (Coordinated Universal Time),$0.10,Deposit,undefined <uityfhv>,poly.market/aadvark89,(direct)
Tue Dec 30 2025 02:55:28 GMT+0000 (Coordinated Universal Time),$24.37,Deposit,undefined <bsjnjk>,poly.market/aadvark89,(direct)
Tue Dec 30 2025 02:50:21 GMT+0000 (Coordinated Universal Time),$23.86,Deposit,undefined <iftfhgvh>,poly.market/aadvark89,(direct)
Tue Dec 30 2025 02:36:16 GMT+0000 (Coordinated Universal Time),$24.93,Deposit,undefined <osknjbj>,poly.market/aadvark89,(direct)
Mon Dec 29 2025 23:39:41 GMT+0000 (Coordinated Universal Time),$200.00,Deposit,undefined <e*******@g****.com>,poly.market/aadvark89,t.co
Fri Dec 26 2025 17:44:23 GMT+0000 (Coordinated Universal Time),$44.30,Deposit,undefined <igetlitty>,poly.market/aadvark89,(direct)
Fri Dec 26 2025 17:43:49 GMT+0000 (Coordinated Universal Time),$214.22,Deposit,undefined <igetlitty>,poly.market/aadvark89,(direct)
Fri Dec 26 2025 17:39:06 GMT+0000 (Coordinated Universal Time),$574.71,Deposit,undefined <igetlitty>,poly.market/aadvark89,(direct)
Fri Dec 26 2025 13:25:35 GMT+0000 (Coordinated Universal Time),$147.06,Deposit,undefined <igetlitty>,poly.market/aadvark89,(direct)
Fri Dec 26 2025 13:12:57 GMT+0000 (Coordinated Universal Time),$399.73,Deposit,undefined <igetlitty>,poly.market/aadvark89,(direct)
Thu Dec 25 2025 06:47:05 GMT+0000 (Coordinated Universal Time),"$109,991.00",Deposit,undefined <0x120b3E2E98fC4fe8C383C70867fD635669F1eE03-1730491999430>,poly.market/aadvark89,t.co
Thu Dec 25 2025 06:40:51 GMT+0000 (Coordinated Universal Time),"$1,000.00",Deposit,undefined <0x120b3E2E98fC4fe8C383C70867fD635669F1eE03-1730491999430>,poly.market/aadvark89,t.co
Thu Dec 25 2025 00:00:47 GMT+0000 (Coordinated Universal Time),$0.15,Deposit,undefined <MCG>,poly.market/aadvark89,t.co
Wed Dec 24 2025 19:31:29 GMT+0000 (Coordinated Universal Time),$38.40,Deposit,undefined <MCG>,poly.market/aadvark89,t.co
Wed Dec 24 2025 03:28:15 GMT+0000 (Coordinated Universal Time),$263.76,Deposit,undefined <igetlitty>,poly.market/aadvark89,(direct)
Tue Dec 23 2025 10:10:37 GMT+0000 (Coordinated Universal Time),$237.01,Deposit,undefined <a****@g****.com>,poly.market/aadvark89,t.co
Mon Dec 22 2025 10:55:17 GMT+0000 (Coordinated Universal Time),$2.23,Deposit,undefined <hxjsbjj>,poly.market/aadvark89,(direct)
Sun Dec 21 2025 16:43:46 GMT+0000 (Coordinated Universal Time),$51.50,Deposit,undefined <ixjksk>,poly.market/aadvark89,(direct)
Sun Dec 21 2025 16:38:49 GMT+0000 (Coordinated Universal Time),$3.69,Deposit,undefined <iuijhh>,poly.market/aadvark89,(direct)
Sun Dec 21 2025 16:37:05 GMT+0000 (Coordinated Universal Time),$48.45,Deposit,undefined <iuijhh>,poly.market/aadvark89,(direct)
Sun Dec 21 2025 16:30:46 GMT+0000 (Coordinated Universal Time),$7.34,Deposit,undefined <iwdkh>,poly.market/aadvark89,(direct)
Sun Dec 21 2025 16:29:29 GMT+0000 (Coordinated Universal Time),$49.93,Deposit,undefined <iwdkh>,poly.market/aadvark89,(direct)
Sun Dec 21 2025 16:23:55 GMT+0000 (Coordinated Universal Time),$49.83,Deposit,undefined <wdiojkdk>,poly.market/aadvark89,(direct)
Sun Dec 21 2025 16:21:42 GMT+0000 (Coordinated Universal Time),$2.17,Deposit,undefined <segsrah>,poly.market/aadvark89,(direct)
Sun Dec 21 2025 16:17:53 GMT+0000 (Coordinated Universal Time),$49.82,Deposit,undefined <segsrah>,poly.market/aadvark89,(direct)
Sun Dec 21 2025 16:07:12 GMT+0000 (Coordinated Universal Time),$3.57,Deposit,undefined <ygcwjj>,poly.market/aadvark89,(direct)
Sun Dec 21 2025 16:05:27 GMT+0000 (Coordinated Universal Time),$49.65,Deposit,undefined <ygcwjj>,poly.market/aadvark89,(direct)
Fri Dec 19 2025 21:25:36 GMT+0000 (Coordinated Universal Time),$13.79,Deposit,undefined <d******@y******.com>,poly.market/aadvark89,t.co
Fri Dec 19 2025 18:31:15 GMT+0000 (Coordinated Universal Time),$172.26,Deposit,undefined <crowo>,poly.market/aadvark89,t.co
Fri Dec 19 2025 16:03:51 GMT+0000 (Coordinated Universal Time),$199.89,Deposit,undefined <crowo>,poly.market/aadvark89,t.co
Fri Dec 19 2025 14:14:11 GMT+0000 (Coordinated Universal Time),$23.01,Deposit,undefined <MCG>,poly.market/aadvark89,t.co
Fri Dec 19 2025 12:48:23 GMT+0000 (Coordinated Universal Time),"$1,897.93",Deposit,undefined <w*******@g****.com>,poly.market/aadvark89,t.co
Fri Dec 19 2025 12:18:06 GMT+0000 (Coordinated Universal Time),$480.00,Deposit,undefined <w*******@g****.com>,poly.market/aadvark89,t.co
Fri Dec 19 2025 10:52:42 GMT+0000 (Coordinated Universal Time),$362.58,Deposit,undefined <paulnads>,poly.market/aadvark89,t.co
Fri Dec 19 2025 09:43:44 GMT+0000 (Coordinated Universal Time),$400.00,Deposit,undefined <w*******@g****.com>,poly.market/aadvark89,t.co
Thu Dec 18 2025 13:56:19 GMT+0000 (Coordinated Universal Time),"$2,374.00",Deposit,undefined <Terrodile>,poly.market/aadvark89,(direct)
Thu Dec 18 2025 12:55:11 GMT+0000 (Coordinated Universal Time),"$1,840.00",Deposit,undefined <igetlitty>,poly.market/aadvark89,(direct)
Wed Dec 17 2025 23:50:12 GMT+0000 (Coordinated Universal Time),$73.80,Deposit,undefined <d******@y******.com>,poly.market/aadvark89,t.co
Wed Dec 17 2025 11:57:24 GMT+0000 (Coordinated Universal Time),$329.55,Deposit,undefined <paulnads>,poly.market/aadvark89,t.co
Mon Dec 15 2025 09:14:45 GMT+0000 (Coordinated Universal Time),$194.90,Deposit,undefined <DivfNa>,poly.market/aadvark89,t.co
Mon Dec 15 2025 09:11:50 GMT+0000 (Coordinated Universal Time),$5.00,Deposit,undefined <DivfNa>,poly.market/aadvark89,t.co
Sat Dec 13 2025 20:15:22 GMT+0000 (Coordinated Universal Time),$161.00,Deposit,undefined <paulnads>,poly.market/aadvark89,t.co
Sat Dec 13 2025 15:41:49 GMT+0000 (Coordinated Universal Time),$1.78,Deposit,undefined <MCG>,poly.market/aadvark89,t.co
Fri Dec 12 2025 15:09:14 GMT+0000 (Coordinated Universal Time),$919.18,Deposit,undefined <paulnads>,poly.market/aadvark89,t.co
Thu Dec 11 2025 12:15:10 GMT+0000 (Coordinated Universal Time),$119.64,Deposit,undefined <roguew1>,poly.market/aadvark89,t.co
Thu Dec 11 2025 01:37:49 GMT+0000 (Coordinated Universal Time),$54.07,Deposit,undefined <tantan>,poly.market/aadvark89,(direct)
Thu Dec 11 2025 00:25:37 GMT+0000 (Coordinated Universal Time),$499.83,Deposit,undefined <igetlitty>,poly.market/aadvark89,(direct)
Wed Dec 10 2025 17:33:35 GMT+0000 (Coordinated Universal Time),$444.56,Deposit,undefined <paulnads>,poly.market/aadvark89,t.co
Wed Dec 10 2025 17:31:27 GMT+0000 (Coordinated Universal Time),$3.51,Deposit,undefined <paulnads>,poly.market/aadvark89,t.co
Tue Dec 09 2025 21:33:58 GMT+0000 (Coordinated Universal Time),$275.96,Deposit,undefined <crowo>,poly.market/aadvark89,t.co
Tue Dec 09 2025 15:43:13 GMT+0000 (Coordinated Universal Time),$199.92,Deposit,undefined <crowo>,poly.market/aadvark89,t.co
Tue Dec 09 2025 14:02:29 GMT+0000 (Coordinated Universal Time),$100.00,Deposit,undefined <roguew1>,poly.market/aadvark89,t.co
Mon Dec 08 2025 13:36:54 GMT+0000 (Coordinated Universal Time),$962.00,Deposit,undefined <igetlitty>,poly.market/aadvark89,(direct)
Sun Dec 07 2025 16:07:26 GMT+0000 (Coordinated Universal Time),"$5,243.73",Deposit,undefined <igetlitty>,poly.market/aadvark89,(direct)
Sun Dec 07 2025 13:29:54 GMT+0000 (Coordinated Universal Time),"$25,000.25",Deposit,undefined <mazan>,poly.market/aadvark89,t.co
Thu Dec 04 2025 22:23:25 GMT+0000 (Coordinated Universal Time),$99.80,Deposit,undefined <t******@g****.com>,poly.market/aadvark89,t.co
Thu Dec 04 2025 01:41:08 GMT+0000 (Coordinated Universal Time),"$2,202.00",Deposit,undefined <igetlitty>,poly.market/aadvark89,(direct)
Thu Dec 04 2025 01:41:07 GMT+0000 (Coordinated Universal Time),"$2,202.00",Deposit,undefined <igetlitty>,poly.market/aadvark89,(direct)
Wed Dec 03 2025 10:59:31 GMT+0000 (Coordinated Universal Time),$599.67,Deposit,undefined <d****@g****.com>,poly.market/aadvark89,(direct)
Wed Dec 03 2025 10:53:54 GMT+0000 (Coordinated Universal Time),$19.96,Deposit,undefined <d****@g****.com>,poly.market/aadvark89,(direct)
Tue Dec 02 2025 04:55:00 GMT+0000 (Coordinated Universal Time),$0.97,Deposit,undefined <tantan>,poly.market/aadvark89,(direct)
Tue Dec 02 2025 04:55:00 GMT+0000 (Coordinated Universal Time),$0.97,Deposit,undefined <tantan>,poly.market/aadvark89,(direct)
Tue Dec 02 2025 01:06:11 GMT+0000 (Coordinated Universal Time),$403.42,Deposit,undefined <Market.Pulse>,poly.market/aadvark89,t.co
Tue Dec 02 2025 00:30:37 GMT+0000 (Coordinated Universal Time),$780.00,Deposit,undefined <Market.Pulse>,poly.market/aadvark89,t.co
Mon Dec 01 2025 08:31:45 GMT+0000 (Coordinated Universal Time),$100.00,Deposit,undefined <i******@k*******.su>,poly.market/aadvark89,t.co
Mon Dec 01 2025 04:15:14 GMT+0000 (Coordinated Universal Time),$299.69,Deposit,undefined <B2049>,poly.market/aadvark89,(direct)
Mon Dec 01 2025 00:47:18 GMT+0000 (Coordinated Universal Time),"$1,559.79",Deposit,undefined <Market.Pulse>,poly.market/aadvark89,t.co
Mon Dec 01 2025 00:37:07 GMT+0000 (Coordinated Universal Time),$8.59,Deposit,undefined <shady>,poly.market/aadvark89,(direct)
Sun Nov 30 2025 22:55:01 GMT+0000 (Coordinated Universal Time),"$4,197.00",Deposit,undefined <shady>,poly.market/aadvark89,(direct)
Sun Nov 30 2025 22:55:01 GMT+0000 (Coordinated Universal Time),"$4,197.00",Deposit,undefined <shady>,poly.market/aadvark89,(direct)
Sun Nov 30 2025 21:35:54 GMT+0000 (Coordinated Universal Time),"$1,242.00",Deposit,undefined <shady>,poly.market/aadvark89,(direct)
Sun Nov 30 2025 21:35:54 GMT+0000 (Coordinated Universal Time),"$1,242.00",Deposit,undefined <shady>,poly.market/aadvark89,(direct)
Sun Nov 30 2025 21:35:54 GMT+0000 (Coordinated Universal Time),"$5,996.82",Deposit,undefined <shady>,poly.market/aadvark89,(direct)
Sun Nov 30 2025 21:35:53 GMT+0000 (Coordinated Universal Time),"$5,996.82",Deposit,undefined <shady>,poly.market/aadvark89,(direct)
Sun Nov 30 2025 20:50:00 GMT+0000 (Coordinated Universal Time),"$4,996.57",Deposit,undefined <shady>,poly.market/aadvark89,(direct)
Sun Nov 30 2025 18:37:16 GMT+0000 (Coordinated Universal Time),$11.29,Deposit,undefined <MCG>,poly.market/aadvark89,t.co
Sun Nov 30 2025 18:36:35 GMT+0000 (Coordinated Universal Time),"$2,198.24",Deposit,undefined <shady>,poly.market/aadvark89,t.co
Sun Nov 30 2025 17:34:20 GMT+0000 (Coordinated Universal Time),$9.98,Deposit,undefined <MCG>,poly.market/aadvark89,t.co
Sun Nov 30 2025 16:47:40 GMT+0000 (Coordinated Universal Time),$172.27,Deposit,undefined <x****@g****.com>,poly.market/aadvark89,t.co
Sun Nov 30 2025 14:39:44 GMT+0000 (Coordinated Universal Time),$10.01,Deposit,undefined <MCG>,poly.market/aadvark89,t.co
Sun Nov 30 2025 07:18:33 GMT+0000 (Coordinated Universal Time),"$1,950.00",Deposit,undefined <aijaia>,poly.market/aadvark89,t.co
Sun Nov 30 2025 05:24:23 GMT+0000 (Coordinated Universal Time),"$16,868.06",Deposit,undefined <aijaia>,poly.market/aadvark89,t.co
Sun Nov 30 2025 03:07:16 GMT+0000 (Coordinated Universal Time),"$3,497.72",Deposit,undefined <shady>,poly.market/aadvark89,t.co
Sun Nov 30 2025 02:53:57 GMT+0000 (Coordinated Universal Time),$325.38,Deposit,undefined <aijaia>,poly.market/aadvark89,t.co
Sat Nov 29 2025 23:39:34 GMT+0000 (Coordinated Universal Time),$290.00,Deposit,undefined <aijaia>,poly.market/aadvark89,t.co
Sat Nov 29 2025 15:26:16 GMT+0000 (Coordinated Universal Time),$167.23,Deposit,undefined <FreakyPrick>,poly.market/aadvark89,t.co
Sat Nov 29 2025 09:15:21 GMT+0000 (Coordinated Universal Time),$514.62,Deposit,undefined <jiaf>,poly.market/aadvark89,t.co
Sat Nov 29 2025 07:00:10 GMT+0000 (Coordinated Universal Time),$85.64,Deposit,undefined <aijaia>,poly.market/aadvark89,t.co
Sat Nov 29 2025 02:34:43 GMT+0000 (Coordinated Universal Time),$323.00,Deposit,undefined <igetlitty>,poly.market/aadvark89,(direct)
Sat Nov 29 2025 01:36:08 GMT+0000 (Coordinated Universal Time),"$1,169.00",Deposit,undefined <aijaia>,poly.market/aadvark89,t.co
Sat Nov 29 2025 00:38:46 GMT+0000 (Coordinated Universal Time),"$1,247.00",Deposit,undefined <aijaia>,poly.market/aadvark89,t.co
Fri Nov 28 2025 23:06:44 GMT+0000 (Coordinated Universal Time),"$1,040.00",Deposit,undefined <aijaia>,poly.market/aadvark89,t.co
Fri Nov 28 2025 01:18:22 GMT+0000 (Coordinated Universal Time),"$1,690.00",Deposit,undefined <AlphaVault>,poly.market/aadvark89,t.co
Thu Nov 27 2025 22:42:53 GMT+0000 (Coordinated Universal Time),$390.00,Deposit,undefined <AlphaVault>,poly.market/aadvark89,t.co
Thu Nov 27 2025 22:05:07 GMT+0000 (Coordinated Universal Time),$390.00,Deposit,undefined <AlphaVault>,poly.market/aadvark89,t.co
Thu Nov 27 2025 06:55:07 GMT+0000 (Coordinated Universal Time),$49.82,Deposit,undefined <Angela.alpaca>,poly.market/aadvark89,t.co
Thu Nov 27 2025 01:42:35 GMT+0000 (Coordinated Universal Time),$10.00,Deposit,undefined <chaitu945>,poly.market/aadvark89,t.co
Wed Nov 26 2025 23:37:23 GMT+0000 (Coordinated Universal Time),"$3,510.00",Deposit,undefined <AlphaVault>,poly.market/aadvark89,t.co
Wed Nov 26 2025 08:53:58 GMT+0000 (Coordinated Universal Time),"$1,950.00",Deposit,undefined <AlphaVault>,poly.market/aadvark89,t.co
Wed Nov 26 2025 05:59:56 GMT+0000 (Coordinated Universal Time),$62.75,Deposit,undefined <B2049>,poly.market/aadvark89,(direct)
Wed Nov 26 2025 05:58:20 GMT+0000 (Coordinated Universal Time),$62.75,Deposit,undefined <B2049>,poly.market/aadvark89,(direct)
Wed Nov 26 2025 03:19:38 GMT+0000 (Coordinated Universal Time),"$1,170.00",Deposit,undefined <AlphaVault>,poly.market/aadvark89,t.co
Wed Nov 26 2025 01:32:19 GMT+0000 (Coordinated Universal Time),$390.00,Deposit,undefined <AlphaVault>,poly.market/aadvark89,t.co
Wed Nov 26 2025 00:02:38 GMT+0000 (Coordinated Universal Time),$78.93,Deposit,undefined <AlphaVault>,poly.market/aadvark89,t.co
Tue Nov 25 2025 23:50:26 GMT+0000 (Coordinated Universal Time),$11.55,Deposit,undefined <AlphaVault>,poly.market/aadvark89,t.co
Tue Nov 25 2025 23:45:05 GMT+0000 (Coordinated Universal Time),"$1,540.67",Deposit,undefined <n*******@g****.com>,poly.market/aadvark89,(direct)
Tue Nov 25 2025 23:42:36 GMT+0000 (Coordinated Universal Time),$800.00,Deposit,undefined <AlphaVault>,poly.market/aadvark89,t.co
Tue Nov 25 2025 23:39:43 GMT+0000 (Coordinated Universal Time),"$3,799.70",Deposit,undefined <AlphaVault>,poly.market/aadvark89,t.co
Tue Nov 25 2025 23:30:12 GMT+0000 (Coordinated Universal Time),"$2,469.70",Deposit,undefined <AlphaVault>,poly.market/aadvark89,t.co
Tue Nov 25 2025 21:45:04 GMT+0000 (Coordinated Universal Time),"$2,432.00",Deposit,undefined <k*****@g****.com>,poly.market/aadvark89,(direct)
Tue Nov 25 2025 16:13:53 GMT+0000 (Coordinated Universal Time),"$1,231.99",Deposit,undefined <ninics>,poly.market/aadvark89,t.co
Tue Nov 25 2025 14:53:23 GMT+0000 (Coordinated Universal Time),"$6,996.70",Deposit,undefined <grubby>,poly.market/aadvark89,t.co
Tue Nov 25 2025 14:24:08 GMT+0000 (Coordinated Universal Time),$9.96,Deposit,undefined <chaitu945>,poly.market/aadvark89,t.co
Tue Nov 25 2025 14:16:14 GMT+0000 (Coordinated Universal Time),$200.00,Deposit,undefined <bsctomas>,poly.market/aadvark89,t.co
Tue Nov 25 2025 14:11:22 GMT+0000 (Coordinated Universal Time),$100.00,Deposit,undefined <B2049>,poly.market/aadvark89,(direct)
Tue Nov 25 2025 13:45:25 GMT+0000 (Coordinated Universal Time),$199.85,Deposit,undefined <B2049>,poly.market/aadvark89,(direct)
Tue Nov 25 2025 13:08:12 GMT+0000 (Coordinated Universal Time),"$1,224.88",Deposit,undefined <predictorss>,poly.market/aadvark89,t.co
Tue Nov 25 2025 13:08:11 GMT+0000 (Coordinated Universal Time),"$1,224.88",Deposit,undefined <predictorss>,poly.market/aadvark89,t.co
Tue Nov 25 2025 13:08:11 GMT+0000 (Coordinated Universal Time),"$1,224.88",Deposit,undefined <predictorss>,poly.market/aadvark89,t.co
Tue Nov 25 2025 13:08:11 GMT+0000 (Coordinated Universal Time),"$1,224.88",Deposit,undefined <predictorss>,poly.market/aadvark89,t.co
Tue Nov 25 2025 13:08:11 GMT+0000 (Coordinated Universal Time),"$1,224.88",Deposit,undefined <predictorss>,poly.market/aadvark89,t.co
Tue Nov 25 2025 13:08:11 GMT+0000 (Coordinated Universal Time),"$1,224.88",Deposit,undefined <predictorss>,poly.market/aadvark89,t.co
Tue Nov 25 2025 13:06:22 GMT+0000 (Coordinated Universal Time),"$4,290.00",Deposit,undefined <AlphaVault>,poly.market/aadvark89,t.co
Tue Nov 25 2025 12:57:40 GMT+0000 (Coordinated Universal Time),"$1,300.00",Deposit,undefined <AlphaVault>,poly.market/aadvark89,t.co
Tue Nov 25 2025 12:53:03 GMT+0000 (Coordinated Universal Time),"$1,950.00",Deposit,undefined <AlphaVault>,poly.market/aadvark89,t.co
Tue Nov 25 2025 12:45:51 GMT+0000 (Coordinated Universal Time),$16.92,Deposit,undefined <Horianu>,poly.market/aadvark89,t.co
Tue Nov 25 2025 12:18:41 GMT+0000 (Coordinated Universal Time),"$58,512.00",Deposit,undefined <henlo34>,poly.market/aadvark89,(direct)
Tue Nov 25 2025 12:11:37 GMT+0000 (Coordinated Universal Time),$49.85,Deposit,undefined <AlphaVault>,poly.market/aadvark89,t.co
Tue Nov 25 2025 11:29:29 GMT+0000 (Coordinated Universal Time),"$3,816.98",Deposit,undefined <Terrodile>,poly.market/aadvark89,(direct)
Tue Nov 25 2025 09:14:50 GMT+0000 (Coordinated Universal Time),$124.73,Deposit,undefined <AlphaVault>,poly.market/aadvark89,t.co
Tue Nov 25 2025 01:12:13 GMT+0000 (Coordinated Universal Time),$100.00,Deposit,undefined <MCG>,poly.market/aadvark89,t.co
Mon Nov 24 2025 17:58:18 GMT+0000 (Coordinated Universal Time),$194.55,Deposit,undefined <r*******@g****.com>,poly.market/aadvark89,t.co
Mon Nov 24 2025 17:07:36 GMT+0000 (Coordinated Universal Time),$12.20,Deposit,undefined <h******@g****.com>,poly.market/aadvark89,t.co
Mon Nov 24 2025 17:06:03 GMT+0000 (Coordinated Universal Time),$0.01,Deposit,undefined <h******@g****.com>,poly.market/aadvark89,t.co
Mon Nov 24 2025 16:34:04 GMT+0000 (Coordinated Universal Time),$1.03,Deposit,undefined <grubby>,poly.market/aadvark89,t.co
Mon Nov 24 2025 15:08:05 GMT+0000 (Coordinated Universal Time),$117.96,Deposit,undefined <Horianu>,poly.market/aadvark89,t.co
Mon Nov 24 2025 12:03:46 GMT+0000 (Coordinated Universal Time),$98.90,Deposit,undefined <AlphaVault>,poly.market/aadvark89,t.co
Mon Nov 24 2025 08:15:33 GMT+0000 (Coordinated Universal Time),$500.00,Deposit,undefined <Market.Pulse>,poly.market/aadvark89,t.co
Mon Nov 24 2025 05:23:41 GMT+0000 (Coordinated Universal Time),"$2,205.00",Deposit,undefined <Market.Pulse>,poly.market/aadvark89,t.co
Mon Nov 24 2025 01:51:14 GMT+0000 (Coordinated Universal Time),"$5,958.00",Deposit,undefined <Market.Pulse>,poly.market/aadvark89,t.co
Mon Nov 24 2025 00:05:30 GMT+0000 (Coordinated Universal Time),$250.00,Deposit,undefined <Market.Pulse>,poly.market/aadvark89,t.co
Sun Nov 23 2025 16:20:39 GMT+0000 (Coordinated Universal Time),$55.46,Deposit,undefined <AlphaVault>,poly.market/aadvark89,t.co
Sun Nov 23 2025 07:42:22 GMT+0000 (Coordinated Universal Time),$3.00,Deposit,undefined <0x6Aa9AD92aD3ba432240F49d52Db133a033AbaC33-1763787365202>,poly.market/aadvark89,t.co
Sun Nov 23 2025 07:33:32 GMT+0000 (Coordinated Universal Time),$426.51,Deposit,undefined <0x6Aa9AD92aD3ba432240F49d52Db133a033AbaC33-1763787365202>,poly.market/aadvark89,t.co
Sun Nov 23 2025 00:52:38 GMT+0000 (Coordinated Universal Time),$375.00,Deposit,undefined <Futboldude>,poly.market/aadvark89,t.co
Sun Nov 23 2025 00:33:39 GMT+0000 (Coordinated Universal Time),$250.00,Deposit,undefined <Futboldude>,poly.market/aadvark89,t.co
Sun Nov 23 2025 00:24:36 GMT+0000 (Coordinated Universal Time),"$2,000.00",Deposit,undefined <Futboldude>,poly.market/aadvark89,t.co
Sun Nov 23 2025 00:18:00 GMT+0000 (Coordinated Universal Time),$300.00,Deposit,undefined <Futboldude>,poly.market/aadvark89,t.co
Sun Nov 23 2025 00:18:00 GMT+0000 (Coordinated Universal Time),$300.00,Deposit,undefined <Futboldude>,poly.market/aadvark89,t.co
Sun Nov 23 2025 00:14:26 GMT+0000 (Coordinated Universal Time),$375.00,Deposit,undefined <Futboldude>,poly.market/aadvark89,t.co
Sun Nov 23 2025 00:14:26 GMT+0000 (Coordinated Universal Time),$375.00,Deposit,undefined <Futboldude>,poly.market/aadvark89,t.co
Sun Nov 23 2025 00:10:04 GMT+0000 (Coordinated Universal Time),"$2,000.00",Deposit,undefined <Futboldude>,poly.market/aadvark89,t.co
Sun Nov 23 2025 00:10:04 GMT+0000 (Coordinated Universal Time),"$2,000.00",Deposit,undefined <Futboldude>,poly.market/aadvark89,t.co
Sat Nov 22 2025 23:54:13 GMT+0000 (Coordinated Universal Time),"$2,970.00",Deposit,undefined <Futboldude>,poly.market/aadvark89,t.co
Sat Nov 22 2025 09:49:19 GMT+0000 (Coordinated Universal Time),$750.00,Deposit,undefined <0x6Aa9AD92aD3ba432240F49d52Db133a033AbaC33-1763787365202>,poly.market/aadvark89,t.co
Sat Nov 22 2025 08:55:33 GMT+0000 (Coordinated Universal Time),$169.44,Deposit,undefined <chudic>,poly.market/aadvark89,t.co
Sat Nov 22 2025 08:47:36 GMT+0000 (Coordinated Universal Time),$36.32,Deposit,undefined <p*****@g****.com>,poly.market/aadvark89,t.co
Fri Nov 21 2025 23:45:22 GMT+0000 (Coordinated Universal Time),"$1,496.00",Deposit,undefined <AlphaVault>,poly.market/aadvark89,t.co
Fri Nov 21 2025 21:17:25 GMT+0000 (Coordinated Universal Time),$0.17,Deposit,undefined <e*******@g****.com>,poly.market/aadvark89,t.co
Fri Nov 21 2025 15:47:21 GMT+0000 (Coordinated Universal Time),"$2,926.00",Deposit,undefined <0x4dF07aBB9317983Ac3D4c946284adC7c5f249edA-1730777712238>,poly.market/aadvark89,t.co
Fri Nov 21 2025 13:04:07 GMT+0000 (Coordinated Universal Time),$373.00,Deposit,undefined <Market.Pulse>,poly.market/aadvark89,t.co
Fri Nov 21 2025 12:58:48 GMT+0000 (Coordinated Universal Time),$374.00,Deposit,undefined <Market.Pulse>,poly.market/aadvark89,t.co
Fri Nov 21 2025 00:07:11 GMT+0000 (Coordinated Universal Time),$441.87,Deposit,undefined <Market.Pulse>,poly.market/aadvark89,t.co
Thu Nov 20 2025 23:47:42 GMT+0000 (Coordinated Universal Time),"$1,000.00",Deposit,undefined <Market.Pulse>,poly.market/aadvark89,t.co
Thu Nov 20 2025 23:25:09 GMT+0000 (Coordinated Universal Time),$10.69,Deposit,undefined <chudic>,poly.market/aadvark89,t.co
Thu Nov 20 2025 17:01:25 GMT+0000 (Coordinated Universal Time),$125.92,Deposit,undefined <x****@g****.com>,poly.market/aadvark89,t.co
Thu Nov 20 2025 17:01:25 GMT+0000 (Coordinated Universal Time),$125.92,Deposit,undefined <x****@g****.com>,poly.market/aadvark89,t.co
Thu Nov 20 2025 02:56:22 GMT+0000 (Coordinated Universal Time),"$4,989.92",Deposit,undefined <pikachusplace>,poly.market/aadvark89,t.co
Thu Nov 20 2025 02:56:22 GMT+0000 (Coordinated Universal Time),"$4,989.92",Deposit,undefined <pikachusplace>,poly.market/aadvark89,t.co
Thu Nov 20 2025 02:56:22 GMT+0000 (Coordinated Universal Time),"$4,989.92",Deposit,undefined <pikachusplace>,poly.market/aadvark89,t.co
Thu Nov 20 2025 00:01:52 GMT+0000 (Coordinated Universal Time),$998.24,Deposit,undefined <pikachusplace>,poly.market/aadvark89,t.co
Thu Nov 20 2025 00:01:52 GMT+0000 (Coordinated Universal Time),$998.24,Deposit,undefined <pikachusplace>,poly.market/aadvark89,t.co
Thu Nov 20 2025 00:00:18 GMT+0000 (Coordinated Universal Time),$2.55,Deposit,undefined <pikachusplace>,poly.market/aadvark89,t.co
Wed Nov 19 2025 23:52:27 GMT+0000 (Coordinated Universal Time),"$9,983.80",Deposit,undefined <pikachusplace>,poly.market/aadvark89,t.co
Wed Nov 19 2025 23:52:27 GMT+0000 (Coordinated Universal Time),"$9,983.80",Deposit,undefined <pikachusplace>,poly.market/aadvark89,t.co
Wed Nov 19 2025 20:36:31 GMT+0000 (Coordinated Universal Time),$999.99,Deposit,undefined <jspfrr>,poly.market/aadvark89,t.co
Wed Nov 19 2025 20:10:38 GMT+0000 (Coordinated Universal Time),$200.00,Deposit,undefined <jspfrr>,poly.market/aadvark89,t.co
Wed Nov 19 2025 20:02:15 GMT+0000 (Coordinated Universal Time),$999.99,Deposit,undefined <jspfrr>,poly.market/aadvark89,t.co
Wed Nov 19 2025 17:03:59 GMT+0000 (Coordinated Universal Time),"$4,990.00",Deposit,undefined <pikachusplace>,poly.market/aadvark89,t.co
Tue Nov 18 2025 15:47:18 GMT+0000 (Coordinated Universal Time),$290.63,Deposit,undefined <0x4dF07aBB9317983Ac3D4c946284adC7c5f249edA-1730777712238>,poly.market/aadvark89,t.co
Tue Nov 18 2025 13:55:26 GMT+0000 (Coordinated Universal Time),$277.43,Deposit,undefined <n******@g****.com>,poly.market/aadvark89,t.co
Tue Nov 18 2025 12:15:20 GMT+0000 (Coordinated Universal Time),$16.99,Deposit,undefined <Horianu>,poly.market/aadvark89,t.co
Tue Nov 18 2025 11:53:54 GMT+0000 (Coordinated Universal Time),$377.87,Deposit,undefined <x****@g****.com>,poly.market/aadvark89,t.co
Tue Nov 18 2025 11:50:18 GMT+0000 (Coordinated Universal Time),$1.04,Deposit,undefined <x****@g****.com>,poly.market/aadvark89,t.co
Tue Nov 18 2025 10:16:35 GMT+0000 (Coordinated Universal Time),$200.00,Deposit,undefined <s****@g****.com>,poly.market/aadvark89,t.co
Tue Nov 18 2025 03:54:33 GMT+0000 (Coordinated Universal Time),$72.91,Deposit,undefined <weird69>,poly.market/aadvark89,t.co
Tue Nov 18 2025 03:50:00 GMT+0000 (Coordinated Universal Time),$66.30,Deposit,undefined <weird69>,poly.market/aadvark89,t.co
Tue Nov 18 2025 03:46:19 GMT+0000 (Coordinated Universal Time),$68.00,Deposit,undefined <weird69>,poly.market/aadvark89,t.co
Tue Nov 18 2025 02:41:53 GMT+0000 (Coordinated Universal Time),$4.85,Deposit,undefined <d****@g****.com>,poly.market/aadvark89,t.co
Mon Nov 17 2025 20:08:13 GMT+0000 (Coordinated Universal Time),$611.22,Deposit,undefined <x****@g****.com>,poly.market/aadvark89,t.co
Mon Nov 17 2025 19:05:03 GMT+0000 (Coordinated Universal Time),$47.42,Deposit,undefined <x****@g****.com>,poly.market/aadvark89,t.co
Sun Nov 16 2025 20:37:33 GMT+0000 (Coordinated Universal Time),"$7,920.22",Deposit,undefined <tugce>,poly.market/aadvark89,(direct)
Sun Nov 16 2025 14:30:07 GMT+0000 (Coordinated Universal Time),$70.67,Deposit,undefined <facho>,poly.market/aadvark89,t.co
Sat Nov 15 2025 07:57:17 GMT+0000 (Coordinated Universal Time),"$1,977.00",Deposit,undefined <paipai11>,poly.market/aadvark89,t.co
Fri Nov 14 2025 02:21:49 GMT+0000 (Coordinated Universal Time),$43.27,Deposit,undefined <0xb9aad67501a0080F0191F5F6710c1CD454a64CaD-1763086689201>,poly.market/aadvark89,(direct)
Wed Nov 12 2025 10:40:33 GMT+0000 (Coordinated Universal Time),"$2,059.99",Deposit,undefined <0x4dF07aBB9317983Ac3D4c946284adC7c5f249edA-1730777712238>,poly.market/aadvark89,t.co
Tue Nov 11 2025 16:52:35 GMT+0000 (Coordinated Universal Time),"$4,421.59",Deposit,undefined <aenewsrapist>,poly.market/aadvark89,t.co
Tue Nov 11 2025 12:07:02 GMT+0000 (Coordinated Universal Time),$54.24,Deposit,undefined <FabricioRomano>,poly.market/aadvark89,t.co
Mon Nov 10 2025 08:06:27 GMT+0000 (Coordinated Universal Time),"$5,644.00",Deposit,undefined <0x4dF07aBB9317983Ac3D4c946284adC7c5f249edA-1730777712238>,poly.market/aadvark89,t.co
Mon Nov 10 2025 08:06:27 GMT+0000 (Coordinated Universal Time),"$5,644.00",Deposit,undefined <0x4dF07aBB9317983Ac3D4c946284adC7c5f249edA-1730777712238>,poly.market/aadvark89,t.co
Mon Nov 10 2025 08:06:27 GMT+0000 (Coordinated Universal Time),"$5,644.00",Deposit,undefined <0x4dF07aBB9317983Ac3D4c946284adC7c5f249edA-1730777712238>,poly.market/aadvark89,t.co
Mon Nov 10 2025 08:06:27 GMT+0000 (Coordinated Universal Time),"$5,644.00",Deposit,undefined <0x4dF07aBB9317983Ac3D4c946284adC7c5f249edA-1730777712238>,poly.market/aadvark89,t.co
Mon Nov 10 2025 08:06:27 GMT+0000 (Coordinated Universal Time),"$5,644.00",Deposit,undefined <0x4dF07aBB9317983Ac3D4c946284adC7c5f249edA-1730777712238>,poly.market/aadvark89,t.co
Mon Nov 10 2025 08:06:27 GMT+0000 (Coordinated Universal Time),"$5,644.00",Deposit,undefined <0x4dF07aBB9317983Ac3D4c946284adC7c5f249edA-1730777712238>,poly.market/aadvark89,t.co
Sun Nov 09 2025 16:24:49 GMT+0000 (Coordinated Universal Time),$13.82,Deposit,undefined <chudic>,poly.market/aadvark89,t.co
Sun Nov 09 2025 07:54:06 GMT+0000 (Coordinated Universal Time),$200.02,Deposit,undefined <crowo>,poly.market/aadvark89,t.co
Sun Nov 09 2025 03:00:34 GMT+0000 (Coordinated Universal Time),"$8,163.00",Deposit,undefined <paipai11>,poly.market/aadvark89,t.co
Sun Nov 09 2025 02:59:17 GMT+0000 (Coordinated Universal Time),"$8,169.00",Deposit,undefined <paipai11>,poly.market/aadvark89,t.co
Sat Nov 08 2025 12:05:57 GMT+0000 (Coordinated Universal Time),$1.00,Deposit,undefined <minini>,poly.market/aadvark89,t.co
Sat Nov 08 2025 12:05:46 GMT+0000 (Coordinated Universal Time),"$3,899.99",Deposit,undefined <minini>,poly.market/aadvark89,t.co
Thu Nov 06 2025 15:52:20 GMT+0000 (Coordinated Universal Time),"$10,000.00",Deposit,undefined <aenewsrapist>,poly.market/aadvark89,t.co
Thu Nov 06 2025 15:52:19 GMT+0000 (Coordinated Universal Time),"$10,000.00",Deposit,undefined <aenewsrapist>,poly.market/aadvark89,t.co
Wed Nov 05 2025 15:44:40 GMT+0000 (Coordinated Universal Time),"$2,333.00",Deposit,undefined <jimmyjpeg>,poly.market/aadvark89,(direct)
Tue Nov 04 2025 18:27:17 GMT+0000 (Coordinated Universal Time),$53.00,Deposit,undefined <jimmyjpeg>,poly.market/aadvark89,(direct)
Tue Nov 04 2025 11:30:56 GMT+0000 (Coordinated Universal Time),$355.00,Deposit,undefined <jimmyjpeg>,poly.market/aadvark89,(direct)
Mon Nov 03 2025 12:36:44 GMT+0000 (Coordinated Universal Time),$0.21,Deposit,undefined <akshatg7>,poly.market/aadvark89,(direct)
Mon Nov 03 2025 07:19:14 GMT+0000 (Coordinated Universal Time),$442.00,Deposit,undefined <tugce>,poly.market/aadvark89,(direct)
Sun Nov 02 2025 18:16:43 GMT+0000 (Coordinated Universal Time),"$2,099.79",Deposit,undefined <minini>,poly.market/aadvark89,(direct)
Sat Nov 01 2025 17:32:17 GMT+0000 (Coordinated Universal Time),$516.00,Deposit,undefined <pinkmann9>,poly.market/aadvark89,t.co
Sat Nov 01 2025 15:51:38 GMT+0000 (Coordinated Universal Time),$260.52,Deposit,undefined <0xkyra>,poly.market/aadvark89,t.co
Sat Nov 01 2025 10:29:33 GMT+0000 (Coordinated Universal Time),$3.00,Deposit,undefined <d*******@g****.com>,poly.market/aadvark89,t.co
Fri Oct 31 2025 17:25:26 GMT+0000 (Coordinated Universal Time),"$1,784.00",Deposit,undefined <r*******@g****.com>,poly.market/aadvark89,t.co
Fri Oct 31 2025 11:41:44 GMT+0000 (Coordinated Universal Time),$12.45,Deposit,undefined <d*******@g****.com>,poly.market/aadvark89,t.co
Fri Oct 31 2025 10:58:39 GMT+0000 (Coordinated Universal Time),$270.00,Deposit,undefined <OnlyLuck>,poly.market/aadvark89,t.co
Fri Oct 31 2025 08:49:49 GMT+0000 (Coordinated Universal Time),$300.00,Deposit,undefined <OnlyLuck>,poly.market/aadvark89,t.co
Fri Oct 31 2025 07:27:52 GMT+0000 (Coordinated Universal Time),$0.27,Deposit,undefined <OnlyLuck>,poly.market/aadvark89,t.co
Fri Oct 31 2025 07:27:46 GMT+0000 (Coordinated Universal Time),"$3,583.00",Deposit,undefined <0x4dF07aBB9317983Ac3D4c946284adC7c5f249edA-1730777712238>,poly.market/aadvark89,t.co
Fri Oct 31 2025 06:55:17 GMT+0000 (Coordinated Universal Time),$99.45,Deposit,undefined <p0ce>,poly.market/aadvark89,t.co
Fri Oct 31 2025 04:25:49 GMT+0000 (Coordinated Universal Time),"$3,583.00",Deposit,undefined <0x4dF07aBB9317983Ac3D4c946284adC7c5f249edA-1730777712238>,poly.market/aadvark89,t.co
Fri Oct 31 2025 03:36:23 GMT+0000 (Coordinated Universal Time),"$3,583.00",Deposit,undefined <0x4dF07aBB9317983Ac3D4c946284adC7c5f249edA-1730777712238>,poly.market/aadvark89,t.co
Thu Oct 30 2025 18:40:43 GMT+0000 (Coordinated Universal Time),"$1,189.00",Deposit,undefined <pinkmann9>,poly.market/aadvark89,t.co
Thu Oct 30 2025 18:40:43 GMT+0000 (Coordinated Universal Time),"$1,189.00",Deposit,undefined <pinkmann9>,poly.market/aadvark89,t.co
Thu Oct 30 2025 17:57:42 GMT+0000 (Coordinated Universal Time),$428.72,Deposit,undefined <layahel>,poly.market/aadvark89,t.co
Thu Oct 30 2025 12:59:31 GMT+0000 (Coordinated Universal Time),$27.16,Deposit,undefined <d*******@g****.com>,poly.market/aadvark89,t.co
Thu Oct 30 2025 12:43:03 GMT+0000 (Coordinated Universal Time),"$5,675.00",Deposit,undefined <pinkmann9>,poly.market/aadvark89,t.co
Thu Oct 30 2025 12:16:23 GMT+0000 (Coordinated Universal Time),$500.00,Deposit,undefined <jspfrr>,poly.market/aadvark89,t.co
Thu Oct 30 2025 12:01:31 GMT+0000 (Coordinated Universal Time),"$2,370.00",Deposit,undefined <jspfrr>,poly.market/aadvark89,t.co
Thu Oct 30 2025 12:01:30 GMT+0000 (Coordinated Universal Time),"$2,370.00",Deposit,undefined <jspfrr>,poly.market/aadvark89,t.co
Thu Oct 30 2025 11:27:32 GMT+0000 (Coordinated Universal Time),$497.63,Deposit,undefined <SarveshAdekar>,poly.market/aadvark89,(direct)
Thu Oct 30 2025 11:14:28 GMT+0000 (Coordinated Universal Time),"$1,061.00",Deposit,undefined <tugce>,poly.market/aadvark89,(direct)
Thu Oct 30 2025 06:50:43 GMT+0000 (Coordinated Universal Time),"$51,485.38",Deposit,undefined <mazan>,poly.market/aadvark89,t.co
Wed Oct 29 2025 18:46:19 GMT+0000 (Coordinated Universal Time),"$10,995.50",Deposit,undefined <degenpingg>,poly.market/aadvark89,t.co
Wed Oct 29 2025 18:44:51 GMT+0000 (Coordinated Universal Time),$3.50,Deposit,undefined <degenpingg>,poly.market/aadvark89,t.co
Wed Oct 29 2025 18:44:51 GMT+0000 (Coordinated Universal Time),$3.50,Deposit,undefined <degenpingg>,poly.market/aadvark89,t.co
Wed Oct 29 2025 12:57:26 GMT+0000 (Coordinated Universal Time),$299.55,Deposit,undefined <n******@g****.com>,poly.market/aadvark89,t.co
Tue Oct 28 2025 22:02:45 GMT+0000 (Coordinated Universal Time),$381.24,Deposit,undefined <s******@g****.com>,poly.market/aadvark89,(direct)
Tue Oct 28 2025 21:12:12 GMT+0000 (Coordinated Universal Time),"$5,024.00",Deposit,undefined <minini>,poly.market/aadvark89,t.co
Tue Oct 28 2025 18:44:30 GMT+0000 (Coordinated Universal Time),"$3,114.00",Deposit,undefined <minini>,poly.market/aadvark89,t.co
Tue Oct 28 2025 18:44:29 GMT+0000 (Coordinated Universal Time),"$3,114.00",Deposit,undefined <minini>,poly.market/aadvark89,t.co
Tue Oct 28 2025 18:44:29 GMT+0000 (Coordinated Universal Time),"$3,114.00",Deposit,undefined <minini>,poly.market/aadvark89,t.co
Tue Oct 28 2025 18:44:29 GMT+0000 (Coordinated Universal Time),"$3,114.00",Deposit,undefined <minini>,poly.market/aadvark89,t.co
Tue Oct 28 2025 16:56:00 GMT+0000 (Coordinated Universal Time),$34.37,Deposit,undefined <stt>,poly.market/aadvark89,t.co
Mon Oct 27 2025 20:46:27 GMT+0000 (Coordinated Universal Time),$39.00,Deposit,undefined <m****@g****.com>,poly.market/aadvark89,polymarket.com
Mon Oct 27 2025 19:27:56 GMT+0000 (Coordinated Universal Time),"$5,261.00",Deposit,undefined <howserious>,poly.market/aadvark89,t.co
Mon Oct 27 2025 13:31:38 GMT+0000 (Coordinated Universal Time),$11.30,Deposit,undefined <akshat.nad>,poly.market/aadvark89,(direct)
Mon Oct 27 2025 13:31:37 GMT+0000 (Coordinated Universal Time),$11.30,Deposit,undefined <akshat.nad>,poly.market/aadvark89,(direct)
Mon Oct 27 2025 13:08:24 GMT+0000 (Coordinated Universal Time),"$3,017.00",Deposit,undefined <hungrywolf>,poly.market/aadvark89,t.co
Mon Oct 27 2025 13:08:08 GMT+0000 (Coordinated Universal Time),"$3,117.70",Deposit,undefined <hungrywolf>,poly.market/aadvark89,t.co
Mon Oct 27 2025 11:45:03 GMT+0000 (Coordinated Universal Time),$10.00,Deposit,undefined <doctordefi>,poly.market/aadvark89,t.co
Mon Oct 27 2025 10:17:25 GMT+0000 (Coordinated Universal Time),"$19,999.99",Deposit,undefined <tugce>,poly.market/aadvark89,(direct)
Mon Oct 27 2025 10:09:29 GMT+0000 (Coordinated Universal Time),$499.97,Deposit,undefined <doctordefi>,poly.market/aadvark89,t.co
Mon Oct 27 2025 09:06:18 GMT+0000 (Coordinated Universal Time),"$8,999.99",Deposit,undefined <tugce>,poly.market/aadvark89,(direct)
Mon Oct 27 2025 08:52:58 GMT+0000 (Coordinated Universal Time),"$9,999.99",Deposit,undefined <tugce>,poly.market/aadvark89,(direct)
Mon Oct 27 2025 08:39:36 GMT+0000 (Coordinated Universal Time),$300.00,Deposit,undefined <vrtnd>,poly.market/aadvark89,t.co
Mon Oct 27 2025 02:34:12 GMT+0000 (Coordinated Universal Time),"$3,779.99",Deposit,undefined <0x4dF07aBB9317983Ac3D4c946284adC7c5f249edA-1730777712238>,poly.market/aadvark89,t.co
Mon Oct 27 2025 01:42:53 GMT+0000 (Coordinated Universal Time),$0.01,Deposit,undefined <m****@g****.com>,poly.market/aadvark89,t.co
Sun Oct 26 2025 18:30:33 GMT+0000 (Coordinated Universal Time),$478.99,Deposit,undefined <SarveshAdekar>,poly.market/aadvark89,(direct)
Sun Oct 26 2025 16:05:15 GMT+0000 (Coordinated Universal Time),"$50,371.53",Deposit,undefined <mazan>,poly.market/aadvark89,t.co
Sun Oct 26 2025 16:05:14 GMT+0000 (Coordinated Universal Time),"$50,480.09",Deposit,undefined <mazan>,poly.market/aadvark89,t.co
Sun Oct 26 2025 14:09:06 GMT+0000 (Coordinated Universal Time),$98.98,Deposit,undefined <Sughnen>,poly.market/aadvark89,t.co
Sun Oct 26 2025 12:14:28 GMT+0000 (Coordinated Universal Time),"$1,097.00",Deposit,undefined <Barron.>,poly.market/aadvark89,t.co
Sun Oct 26 2025 12:14:28 GMT+0000 (Coordinated Universal Time),"$1,097.00",Deposit,undefined <Barron.>,poly.market/aadvark89,t.co
Sun Oct 26 2025 12:10:43 GMT+0000 (Coordinated Universal Time),"$3,470.99",Deposit,undefined <hungrywolf>,poly.market/aadvark89,t.co
Sun Oct 26 2025 12:06:55 GMT+0000 (Coordinated Universal Time),$3.04,Deposit,undefined <Barron.>,poly.market/aadvark89,t.co
Sun Oct 26 2025 10:50:36 GMT+0000 (Coordinated Universal Time),$500.20,Deposit,undefined <birusu>,poly.market/aadvark89,t.co
Sun Oct 26 2025 10:35:21 GMT+0000 (Coordinated Universal Time),$50.00,Deposit,undefined <0xkyra>,poly.market/aadvark89,t.co
Sat Oct 25 2025 15:38:49 GMT+0000 (Coordinated Universal Time),$63.72,Deposit,undefined <r*******@g****.com>,poly.market/aadvark89,t.co
Sat Oct 25 2025 15:26:49 GMT+0000 (Coordinated Universal Time),$93.69,Deposit,undefined <r*******@g****.com>,poly.market/aadvark89,t.co
Fri Oct 24 2025 15:55:57 GMT+0000 (Coordinated Universal Time),$140.95,Deposit,undefined <SACKD-NotYorGrandmasTeaBag>,poly.market/aadvark89,t.co
Fri Oct 24 2025 13:37:25 GMT+0000 (Coordinated Universal Time),$99.95,Deposit,undefined <layahel>,poly.market/aadvark89,t.co